ttnamettker,Subscribers count,Views avg.,Likes avg,Comments avg.,Shares avg
ekin.721|MOMO‚Äôs,221700,26000000,2800000,29400,116400
dojacat|Doja Cat,22200000,25400000,5000000,36700,46800
kiet.ac.quy|Ki·ªát ·∫Æk W·ª∑,2100000,20700000,3500000,38800,33900
charlidamelio|charli d‚Äôamelio,135400000,18700000,2600000,54700,35200
luvadepedreiro|Iran Ferreira (Lai),11400000,24800000,2600000,32700,26800
badbunny|Bad Bunny,16100000,17600000,4000000,28000,26200
khaby.lame|Khabane lame,135200000,17700000,2300000,18000,11200
leomahalo|Leo Mahalo,6800000,19000000,2200000,11800,14400
swagboygorringe|Daniel Gorringe,5600000,9900000,1800000,25300,35900
jennmelon|Jenn Melon,2000000,11000000,2300000,15100,24500
jounggustav|Joung Gustav,1900000,16400000,2200000,9900,13400
txt.bighitent|TOMORROW X TOGETHER,16200000,7700000,1800000,33200,12200
pongamoslo_a_prueba|Pong√°moslo a Prueba,30400000,16000000,2500000,6300,7300
bdylanhollis|B. Dylan Hollis,7600000,8600000,1600000,11500,20000
lyczak|üëë≈Åyczuuüëë,1500000,11800000,1400000,16100,8600
juandamc|JuanDa.,17100000,7500000,1700000,9100,19500
lifeinanimati0n|A <3,745200,6200000,1100000,8800,40200
zlusha|Zlusha,2000000,7200000,1100000,12900,29500
amauryguichon|Amaury Guichon,5400000,11000000,1600000,5800,13300
eupereiraoficial|Eu Pereira,4600000,12200000,1200000,5700,11500
druskitv|DRUSKI,3200000,6400000,1200000,7700,25900
adrianbliss|Adrian Bliss,5200000,7700000,1500000,5400,16000
kimberly.loaiza|Kimberly Loaiza,61000000,9900000,1300000,14100,4500
deborahyowa|Deborah yowa,10300000,12600000,688700,17000,9100
nekoglai|–ù–∏–∫–æ–ª–∞–π,9400000,8500000,982300,22500,4400
domelipa|Dominik,50700000,7900000,1200000,17300,6200
diego.cr_|Diego Rodr√≠guez,238100,9100000,845000,9100,19500
addisonre|Addison Rae,87300000,9300000,1200000,13400,5900
mastertingus|mastertingus,1500000,4200000,859200,25100,33800
santandave|Santan,1100000,6200000,1000000,21300,12000
machinegunkelly|Colson,3400000,10800000,822600,13700,9000
bellapoarch|Bella Poarch,88500000,11100000,1000000,14300,1600
daddyyankee|daddyyankee,10400000,6000000,696300,18100,20600
official_nct|NCT Official,7300000,3200000,1200000,23100,17600
zeth|Zeth,10800000,6600000,1300000,4100,12800
larrayeeee|LARRAY,25600000,5400000,1200000,17600,4100
mrbeast|MrBeast,34700000,6800000,1100000,16100,1500
jypestraykids|Stray Kids,10800000,2900000,1100000,27600,12000
iamferv|Fernanda,26100000,7800000,1100000,10300,3800
nicocaponecomedy|nicocapone.comedy,20300000,11800000,691800,3900,10200
honeybobabear|HoneyBobaBear,7800000,10100000,1400000,5000,2400
masondenverr|mason,2000000,4400000,1200000,7300,11300
nicoletv|Kayla Nicole,10200000,6100000,999300,4900,10000
aquajock_h2bro|J√¶B√¶,509700,5400000,966400,5400,10600
terryreloaded|Terry Reloaded,3900000,4900000,1000000,6300,10200
soysuco|soysuco,9600000,6300000,999500,11100,2000
itzyofficial|ITZY,7300000,4700000,1200000,10400,3600
oldtimehawkey|Old Time Hawkey,5100000,4800000,831600,11000,7000
missionaryjack|Jack Harlow,3300000,8300000,837000,4900,5500
conormaynard|Conor Maynard,6200000,5800000,794300,8900,6600
conormaynard|Conor Maynard,6200000,5800000,794300,8900,6600
itssassagurl|Sassa Gurl,5300000,6000000,969600,6200,6000
terryreloaded|Terry Reloaded,4000000,4400000,955300,6200,9400
jimmydarts|Jimmy Darts,8100000,5300000,893400,10300,2900
alshad95|Alshad Ahmad,1600000,7300000,761900,6200,5000
bayashi.tiktok|„Éê„É§„Ç∑ü•ëBayashi,24100000,7700000,958000,5800,2500
rosalia|La Rosalia,18300000,9800000,978500,3800,2300
daniel.labelle|Daniel LaBelle,25500000,4600000,754900,5500,11800
masonmount|Mason Mount,2800000,4800000,806900,9900,5100
theandrewschulz|Andrew Schulz,3000000,4000000,602200,2200,21600
activesufi|activesufi,364600,13800000,1100000,2200,1500
hayleygeorgiamorris|Hayley Morris,2900000,4600000,586900,1900,18400
lilnasx|lil nas x,27700000,5700000,804600,9000,3000
willsmith|Will Smith,67400000,6900000,658500,10000,2000
clarissaperezlara|Clari,129500,3900000,370000,2700,34200
spriteder_spd|Prite Netijen Netirattanapaiboon,2700000,8000000,924800,3700,3500
paytonking|Payton King,5100000,2800000,685400,11800,15800
lexibrookerivera|Lexi Rivera,21100000,7000000,937400,6200,1900
snoopdogg|Snoop Dogg,19700000,7400000,647200,6600,4300
tuckerbudzyn|tuckerbudzyn,10100000,4000000,638600,3300,16700
jaykindafunny8|Jaykindafunny,23300000,9600000,685700,2400,5200
solsito.pe|Solsito.pe,80200,3500000,503100,10600,17800
"jake2r|Jake2r, Ph.D.",2100000,2800000,739600,5200,17100
thejoeyswoll|Joey Swoll,2400000,5300000,804500,8400,2500
kallmekris|Kris HC,43300000,5400000,988000,5500,3100
jdpantoja|JD Pantoja,26800000,4800000,942200,8700,1300
datvilla94|üî•ƒê·∫°t Villaüî•,5200000,5700000,659100,8100,3100
haileybieber|Hailey Bieber,7700000,5700000,810500,6300,2700
big.johns|Big Johns,140300,3100000,476500,18400,8700
cleanpuppy|Chloe Cherry,1700000,4800000,980200,5700,2900
arabstay|ùïäùï•ùï£ùïíùï™ ùïúùïöùïïùï§,219000,2600000,770200,11700,8200
aitch12|Aitch,1800000,5300000,421100,7600,9800
doctorgraves|Dr.Graves,2700000,5000000,879700,2800,5900
fredziownik_art|Franek Bielak,11800000,6300000,781900,6500,1200
vibin.wit.tay|Tay,3300000,3300000,689400,4000,12600
cedriklorenzen|Cedrik Lorenzen,2100000,4000000,457000,7900,12400
vanessalopesr|Vanessa Lopes,21300000,5900000,637100,6400,2900
rustam_mayer_djavid|RUSTAM MAYER,4300000,7800000,390800,1600,9700
soojinicoreana|Chingu Amiga,17300000,6500000,1000000,3900,1400
jinisprotips|üí° Jini üí°,713700,3700000,467600,6900,12900
esen_alva|Esen,3100000,3300000,536300,3300,15500
drew.nori|Drew Nori,4700000,8100000,387900,9700,733
wuesilva|Wue Silva,11800000,4500000,584000,10600,1800
thallyssonsb|Thallysson Borges,8500000,3600000,629000,6000,8200
natemyburgh|Nate,306400,3400000,724900,3600,9000
soso_aroundtheworld|Sosonebieridze,109800,3000000,420000,10800,13200
newboyjosh|Newboyjosh,340500,4000000,445000,6400,10400
initiaraandini|tiara andini,4100000,7400000,651600,4400,1800
iamkevingates|Kevin Gates,2100000,3500000,413600,9400,11300
max7424453118|Max Taylor,2800000,3500000,572600,5200,9500
danya_milokhin|danya_milokhin,16500000,6300000,733200,4600,1700
samanthalogan|Samantha Logan,1800000,6000000,840900,3000,2800
jakekrantz1|Jake Krantz,2100000,3600000,772300,3200,7100
fujiiian|Fuji,12700000,6200000,760400,3400,2600
vincentmarcus|VincentMarcus,2500000,10700000,250400,2300,8200
hongthanhofficial|HongThanhOfficial,1300000,7700000,675600,2700,2700
kervo.dolo|Kervo.dolo,7500000,3900000,606400,4400,7100
zachjustice|Zach Justice,3900000,6000000,793700,1000,4600
qamar_altaey|ìÜ©ùëÑùê¥ùëÄùê¥ùëÖ¬π‚Å∂ìÜ™,2800000,3600000,348000,10200,10800
fortnitekanal.exe|Fortnitekanal.exe,1400000,2200000,539400,14000,7800
m.wardy_14|Ÿàÿ±ÿØŸâ,67600,1900000,465500,3800,24800
ynchq|–ØN,3700000,3900000,645100,4100,5800
nilered|NileRed,8700000,4000000,725800,5400,3200
besttoks|besttoks,2200000,17400000,451600,1100,2100
miketoks|Miketoks,11600000,6200000,599700,2500,4000
tiktokmena|TikTok MENA,5700000,39500000,179200,1200,2200
eyavanana|Eya,10800000,4600000,725300,5000,2100
john.leitao|John Leit√£o,2700000,4300000,380900,7800,6400
brunodiferente2022|Bruno Diferente,4000000,6600000,116700,6000,22400
sugarcoatedsisters|Tabby and Chloe,320300,3200000,523800,2600,10500
hesfinatia|PINATüçÖ|| IG: @hesfinatia,8300000,8600000,936900,1800,837
vadik_dikiy|vadik_dikiy,914800,3200000,489100,2000,11800
championsleague|Champions League,11600000,3600000,628300,4200,5100
esnyrrr|Esnyr Ranollo,4400000,3500000,645300,4500,4800
savanahmosss|Savanah Moss,9300000,4500000,703000,4100,2500
dindahw14|Dinda Hauw,3000000,7900000,689200,2000,1800
joshiiwuhhh|Joshua Alden,3200000,2900000,555500,3700,8800
j3ipy_|Jeipy,7800000,4300000,760700,3300,2800
morganpresleyxo|Morgan Presley,5300000,4800000,638500,3100,3500
skaijackson|Skai Jackson ü•∞,19700000,5200000,824000,3100,1500
ssmaaaryy|Razi Monroe,6800000,6400000,586300,2800,2400
vhackerr|Vinnie,13900000,2900000,593700,7800,3600
tranvantre992|Tr·∫ßn Tre Vlogs üêâ,759300,9100000,472900,3700,799
jwaltonnn|·¥ä‚ö°Ô∏è,733400,1700000,369400,28000,2500
kubenjoy|KUBenjoy,3500000,4200000,476300,5000,4500
jdiasss_|Jo√£o Dias,7000000,3500000,817000,4500,2000
evcnoble|Everett Noble,9800000,3400000,844500,3200,3400
victormelo|Victor Melo,19400000,4600000,642200,3800,2400
emilen_im|–≠–º–∏–ª—å–µ–Ω,4000000,5300000,663100,4000,1200
ehlija|Eh Lija,3300000,4000000,506000,4700,4300
thoriqhal|thariqhalilintar,3800000,5800000,662000,2400,2200
afgsuga|Afg Suga Official,161700,3300000,490300,4100,6800
jen_wolff|jenny,187600,2900000,371600,5700,10500
tubbynugget|Tubby Nugget,3500000,2600000,518200,2100,10800
rescuerestore|Rescue & Restore,1500000,9200000,430000,1500,2900
baddest4bitches|Edda,1500000,2500000,580200,8500,3400
_itsstefano_|It'sStefano,4400000,4600000,553800,5800,856
guryan_off|–ì—É—Ä—å—è–Ω–æ–≤ –ú–∞–∫—Å–∏–º,2600000,3300000,479500,3100,7700
thebenjishow|benji,5500000,3400000,549600,3800,5200
mikaelatesta|Mikaela Testa,1700000,4300000,960300,3300,749
grillervm|GrillerVM,2900000,4300000,549300,2900,4000
riaricis|Ria Ricis,25500000,5500000,665100,2200,2100
lizzza|Liza Koshy,29400000,5200000,1200000,1900,616
elmarianaa|ElMariana,6500000,3800000,834800,1600,3300
somi_official_|JEON SOMI,6100000,3000000,746300,4600,2300
craggygames|Craggy Games,306800,7000000,189300,726,10900
gritside|gritside,3600000,3500000,446400,1500,8300
charlieputh|Charlie Puth,16100000,3500000,509100,5800,2600
spencer_serafica|Xspencer,12300000,4000000,663200,4100,1600
mikaylahau|Mikaylah,4200000,3000000,386400,9900,3200
kevinprieto077|kevinprieto077,1800000,3800000,589300,3400,3100
christianfabiannn|Christian Fabi√°n D.,12000000,4800000,733200,3700,398
brotherofcolor|Heyimparis,12700000,5000000,609500,3600,1100
gavrilinaa|–Æ–ª—å–∫–∞ –®–ø—É–ª—å–∫–∞üï∑üï∏,16300000,3900000,522200,4000,3000
phun.anh|Ph√πn Anh,2700000,6800000,374200,3800,1700
tooturnttony|Tooturnttony,15600000,5400000,464600,2800,2800
baimwong|Baim Wong,7500000,5100000,392400,3700,3300
maxtaylorlifts|Max Taylor,7600000,3000000,529000,4400,4500
kimberly11sofia|‚ú®Kimberly11sofia‚ú®,576600,1900000,208000,27000,7800
lourdasprec|LOURD,8700000,2400000,592100,5300,4300
katiavlogss|KATIAVLOGSüêí,13800000,4600000,638200,3500,1100
itslennnie|lennnie,1900000,1900000,319200,2400,20000
couragejd|Jack CouRage Dunlop,3100000,3400000,391500,2900,7100
karimmahmoudabdelaziz|Karim Mahmoud Abdel Aziz,3400000,5300000,375600,2500,4100
jbdjebb|Jean-Baptiste Djebbari,1100000,2900000,448600,6200,3800
dailymug69|It‚Äôs a sad story...,4200000,4100000,544200,5600,251
superfirsthero|–°–£–ü–ï–†–ü–ï–†–í–´–ô–ì–ï–†–û–ô,1600000,2800000,526100,4400,4500
cookingwithlynja|Lynja,9900000,5200000,649000,2500,1400
gordonramsayofficial|Gordon Ramsay,31700000,5700000,557200,3200,835
nabela|nabela,7200000,5400000,627100,2600,1200
alexwaarren|Alex warren,15200000,4600000,769000,1300,2300
ayesebastien|Sebastien,7200000,3100000,565300,2800,4600
jamie32bsh|Jamie Big Sorrel Hor,7100000,5800000,313600,4700,2200
maxthemeatguy|Max The Meat Guy,3800000,6200000,681900,1700,1200
andy.and.michelle|Andy & Michelle,3700000,3100000,438100,2800,6100
realmsp|RealMsP,349100,4900000,771900,2000,1100
gameofthrones|Game of Thrones,647300,3000000,359500,1900,9000
ameliadimz|ameliadimz,1300000,3700000,529800,4100,1800
chris|Chris Olsen,7200000,6100000,712100,1600,1100
isaach.p|Isaac H.P,1600000,2400000,230000,11000,9700
billlnai|nai,8400000,3100000,797100,3200,1400
samseats|Sam Way,8700000,3600000,618500,2800,2200
soysuco_ff|Suco Ismael,3700000,3400000,430500,6600,981
gaynadia|nadia,287900,2200000,583800,4400,4100
thatlittlepuff|ThatLittlePuff,25000000,5100000,612900,1400,2100
lachama4_ff|LA CHAMA ·¥∞,8300000,2900000,477000,7300,693
envydo|envy,198700,1800000,476100,9200,3300
k1lauea|killazz,128200,1800000,451400,9100,3700
noreportar08|noreportar08,265300,4000000,104900,11100,12900
elrodcontreras|RODü•¥,40100000,3300000,521000,4800,1000
k1lauea|killazz,128200,1800000,451400,9100,3700
noreportar08|noreportar08,265300,4000000,104900,11100,12900
elrodcontreras|RODü•¥,40100000,3300000,521000,4800,1000
kpp2179393999|„Åç„ÇÉ„Çä„Éº„Å±„Åø„ÇÖ„Å±„Åø„ÇÖ„ÅÆË£èÂû¢,834900,6500000,345500,1300,3200
elgato|Rodrigo EL GATO,3200000,3300000,454000,4000,2700
carolfermichh|CarolFerMichh,6200000,4300000,664800,2400,1100
montpantoja|Montpantoja,32300000,3500000,652500,3200,1200
mmmjoemele|Joe Mele,21000000,4300000,608400,2200,1500
1xgoku|goku,74800,1900000,345600,2500,12200
anthonnyswagg3|anthonnyswagg,8500000,8100000,469600,1700,797
bjjojo_|jüêûjü¶ãfan,61600,2000000,354500,6200,7300
uberkuloz|Berk Keklik,1000000,5200000,394700,2100,2500
nilskue|Nils Kuesel,9500000,2600000,515400,5200,1800
mcsilsiloficial|@mcsilsiloficial,5800000,2600000,201700,4700,13700
labrinth|Labrinth,924900,4200000,416900,3400,1900
oilywhitehat|üîå,197300,5500000,373500,3100,1400
jacksepticeye|Jacksepticeye,4200000,2900000,512700,4300,1900
marisol.viola|marisol viola,1100000,2600000,504800,4100,3100
strangehumano|strangehumman NOVA,7800000,3200000,386300,4500,3000
playboyjuju|üï∑,259400,3300000,291200,5500,4200
itsjessibaby|Jessi,5000000,3100000,738500,3200,835
bbykevv_|Kevin Nguyen,1600000,3200000,633100,2100,2400
nykolasteles|Nykolas Teles,3800000,2700000,368800,5800,3400
morimura|MoriMuraüçï,6400000,2200000,483000,4400,4100
danisoomin|daniela kim,8400000,3400000,492700,4100,1200
tenderlybaemusic|tenderlybae,14400000,3600000,409500,4600,1500
ig_alongwiranda|üïåüèÉ,880700,3200000,129400,1200,20000
crisdevilgamer7|CrisDevilGamer,4500000,3500000,388100,5200,1200
meishmoe|meishmoe,3900000,2500000,534500,2400,4100
maylathanzin|Maylathanzin,1900000,3500000,417600,1200,4700
zuuzina|üëΩ,1200000,2700000,342400,4200,5100
jennifergarner|Jen Garner,2100000,3400000,315000,5600,2400
seventeen17_official|SEVENTEEN,3900000,1500000,375900,11100,4100
meosimmyyt|M√®o Simmy,3900000,2700000,367100,7100,1500
mariabecerra_22|Maria Becerra,6100000,3200000,553900,3600,1200
frostech|FROSTECH,321000,3400000,411000,1500,4600
p0_2|ŸÖÿ¥ÿßÿ±Ÿä ÿ®ŸÜ ÿπÿ®ÿØÿßŸÑÿπÿ≤Ÿäÿ≤  -,1700000,4900000,233700,6000,1500
joelbergs|JoelBergs,11200000,3400000,636300,1700,2200
euro2024|EURO2024,6800000,2500000,407300,2900,5400
daz_black|daz_black,7000000,2300000,506400,4300,2900
claragnds|Maria Clara Garcia,16000000,2800000,401500,5200,2100
desartdestro|desartdestro,7800000,5400000,368300,2000,2100
camilacabello|Camila Cabello,15300000,5200000,321800,2800,2000
berkcoskunofficial|Berk Co≈ükun,3500000,5600000,194200,2900,4500
ser.geybin|Ser Geybin,1700000,3800000,383500,2200,3300
anthpo|Anthony Po,688300,1700000,414200,4700,6900
erikarichardo|erika,7900000,4600000,578700,2500,472
thegnshow|The Graham Norton Show,1200000,4900000,491000,807,2500
cx_.q|ŸÖÿµÿ∑ŸÅŸâ ÿßŸÑÿ®ÿµÿ±ÿßŸàŸä 62,2100000,3900000,234700,3100,5400
owen.han|MANGIAMOH,1500000,4800000,376200,1200,3100
keniaos|KeniaOs,13700000,2200000,371200,7500,2000
angryreactions|Oneya D‚ÄôAmelio,25800000,2800000,406200,6200,680
saraecheagaray|sara,7000000,3600000,700700,2000,1000
ana_eusse|Ana Maria,10500000,4400000,665500,2100,560
ani__mel|Melody üå±,798600,1900000,359700,2700,8500
julianjacob|Julian Jacob,1200000,3800000,496500,2400,1600
averywit|Avery,1000000,5400000,724100,1600,293
buithanhtuyen2003|ùêìùêÆùê≤ùêûÃÇÃÄùêß ùêóùêÆ ùêìùêï üí¶,1800000,1600000,228800,18500,1900
emilythetrimmer|Emily Mohring,492600,5800000,267900,1700,3100
fabru_blacutt|Fabru,17000000,5300000,544800,1900,642
yoangelolo|Angelo Bahu,1200000,2400000,224300,12200,1500
virginiafonseca|Virginia,30600000,4400000,566400,2300,679
haritsuuu|„Éè„É™„ÉÑüåøÊ•µ,1300000,4100000,158100,4900,6400
thekapelariz|The Kapelari Family,1100000,2800000,464200,3500,2100
camavinga|Eduardo Camavinga,1000000,3300000,522300,2500,1600
feezius|feezius,2100000,4000000,525800,2800,654
lights.are.off|LIGHTS ARE OFF,18700000,2900000,292700,6300,2100
benjaminmaissecret|benjamin,174400,7000000,39200,24000,1700
calebrownn|Cale Brown,5000000,2700000,459500,1500,4200
realuser_1|Jrm,1600000,4100000,411500,2500,1700
anas_elshayib|ÿßŸÜÿ≥ ÿßŸÑÿ¥ÿßŸäÿ®,3600000,4600000,194000,6100,1800
caleb.finn|Ôº≥ÔΩîÔΩÅÔΩô„ÄÄÔΩàÔΩôÔΩÑÔΩíÔΩÅÔΩîÔΩÖÔΩÑ„ÄÄÁ∑Ø‰ø∫„Å™,15200000,3500000,691500,2500,428
hi_arvans|arvanss,201400,1300000,320300,1200,15500
theestallion|Megan Thee Stallion,10900000,1900000,499700,4400,2900
rubentuestaok|Ruben Tuesta,12300000,4500000,418300,1100,2600
kingbach|KingBach,26300000,3100000,582200,1800,2000
rdcworld1|Mark Phillips,2800000,1800000,336000,2300,9100
anna..paull|Anna Paul,3000000,2800000,655600,2900,838
drewafualo|Drew Afualo,6800000,2200000,446500,5100,2100
scottkress_|scottkress,2900000,1500000,402700,7400,4100
dixiedamelio|dixie,57200000,4400000,275200,4600,1100
nianaguerrero|Niana Guerrero,30500000,3200000,493000,2700,1700
benoftheweek|ben de almeida,10600000,3500000,512800,3100,722
maiaknight|Maia Knight,8100000,3500000,628800,2500,647
theovon|Theo Von,1400000,2400000,230600,2700,9800
abbieherbert|AbbieHerbert,12200000,4600000,619200,1600,772
yazidoe|YaziDoe,958900,2000000,297400,2800,8400
loewhaley|Laura,1400000,2500000,232000,1200,10600
georgieanthony|georgie munoz,2200000,1800000,294300,3000,9500
.blue_devil|Why Not ? ‚úß,941900,4800000,486400,1500,1300
ya_gazdanova|–ù–∏–Ω–∞ –ì–∞–∑–¥–∞–Ω–æ–≤–∞,3400000,3700000,184000,932,8800
piperrockelle|Piperrockelle,9000000,2400000,275400,9300,517
incorrectlyroce|Roce Ordo√±ez,5000000,3100000,499500,1900,2200
wayeelkaboy10|Wayeelka boy10,852400,3700000,169600,5600,4300
joaoferdnan|Jo√£o Ferdnan,7400000,2000000,238500,4200,9100
simpleputin|–ü—Ä–æ—Å—Ç–æ –ü—É—Ç–∏–Ω,6000000,3100000,157900,10600,2200
chapaevva|—á–∞–ø–∞–µ–≤–∞,1900000,3800000,347700,2900,1700
lyna_com|lyna_com2000,4400000,3400000,451300,3000,1100
arigameplays|AriGameplays,19300000,2600000,444600,4500,915
tommyinnit|Tommy,11500000,1500000,432100,7600,1900
arigameplays|AriGameplays,19300000,2600000,444600,4500,915
tommyinnit|Tommy,11500000,1500000,432100,7600,1900
alexisomman|Alexis Omman,9200000,1600000,330000,5100,6500
samadhiza_|samadhiza,7400000,3700000,418300,2100,1800
joerauth_|Joe rauth,4900000,2900000,463000,1600,2900
danielarodrice|Daniela Rodrice,9900000,4200000,735700,1500,391
official_kep1er|Kep1er,3500000,1800000,395000,5500,2700
sucss.s|A√ßucena Guirra,9700000,2600000,468100,3000,1900
veydi_rush|veydi_rush,8000000,2900000,456800,2600,1800
davidsiwonchoi|ÏµúÏãúÏõê ‚Ä¢ Siwon Choi,1900000,1300000,314300,8600,5600
livvy|Olivia Dunne,5100000,2700000,316000,4900,1800
catherineealicia|catheez,1300000,2300000,306400,5900,2200
bonjee|Bonjee,1800000,1800000,382900,2500,5900
tuckercomedy|Tucker Reynolds,2000000,1600000,225200,2900,12700
jennifer_aplicano|Jennifer Apl√≠cano,1000000,2500000,248500,3700,5400
qonitcah|Qonitcah | Health Education,1400000,3100000,277500,4400,2000
carolcastromx|Carol Castro,9700000,3400000,564200,2400,508
vorostwins|vorostwins,2600000,2700000,344100,3800,2100
tiagodionisio|Tiago_Dionisio,5500000,2400000,227000,1100,8900
magic_daniell|Magic Daniell,9000000,4500000,503400,2000,427
3tl.team|3TL,1600000,4400000,380900,2700,493
nessaabarrett|Nessa Barrett,17900000,2800000,338200,3800,2000
saeemm2002|Samantha Ancheta,4100000,1800000,396900,4000,3600
nate.dawg.com|Nate dawg,230200,2400000,434500,3300,1900
larissagloor|ùóüùóÆùóøùó∂ùòÄùòÄùóÆ ùóöùóπùóºùóºùóø,2600000,2900000,489400,2400,1300
xshueur|“ì·¥á·¥á ü…™…¥…¢,256600,2400000,186000,0,11700
cleanpuppy|Chloe Cherry,1700000,3600000,617400,1700,612
tootymcnooty|TootyMcNooty,7300000,1500000,401100,2200,6400
miakhalifa|Mia K.,32500000,3700000,340300,3500,644
notraymodeli|Modeli,1900000,1800000,404300,2700,4300
axelwebber|Axel,4200000,2400000,544700,3400,522
baebyshaa|shalynne,324600,3000000,650300,1400,1200
momonatamada|Momona Tamada,3700000,2700000,489400,3300,473
nikkietutorials|nikkietutorials,5100000,4300000,536600,1200,987
spicyycam_|Spicy Cam,18200000,3500000,428100,3000,295
sa_ro01|saraüíú,3400000,3300000,265900,4600,1100
byniaromero|Nia Romero,10400000,4000000,531100,2000,291
_vqsngi.03_|Gh√©t m√¥n To√°n =))),87700,2600000,367500,3300,1800
oblomoffrecipe|oblomoffrecipe,5300000,3000000,271800,1200,4800
yg_treasure_tiktok|yg_treasure_official,3500000,1700000,355300,4100,4200
luq_music|LUQ_MUSIC,165700,2000000,237000,5900,4300
bradtheboxer|Just brad,2000000,2500000,216700,3600,5300
ftedooda|üõÑ,23500,1200000,219400,2800,16400
kurtisconner|kurtis conner,1800000,2200000,465800,3100,1500
maskrayy1|maskrayy1,4500000,7000000,280900,1200,1200
babybella777|Bella Hadid,4400000,3000000,504500,2600,614
trainee_a|Trainee A,2700000,1300000,384000,5300,4200
texasbushman|Texas BUSHMAN,1200000,2400000,242600,1500,6700
ugolord|‚öñÔ∏è The TikTok Attorney ‚öñÔ∏è,5300000,2800000,281000,5600,497
fedevigevani|Fede Vigevani,12600000,2700000,370400,4000,721
nam_patcharaporn|Namfon,656500,2200000,374000,3000,2600
endomarf|‚òª‚òÜEndoMarfa‚òÜ‚òª,517200,1700000,516500,3400,2000
dasigantung|Dasi Gantung,5100000,3500000,497800,1500,1200
llucastorresg|Lucas Torres,831400,1500000,328500,4500,4900
bungalow_jonathan|Bungalow Jonathan,251200,1500000,116600,994,25100
.aidenbeaudry|.aidenbeaudry_official,483300,2000000,344800,3100,3500
cbum|Chris Bumstead,2000000,2000000,389100,2600,3200
rebeccazamolo|rebecca zamolo,16800000,2300000,233900,7900,701
farrelhkeem|FAüßõ,179100,1800000,292900,2100,6400
cellat36|cellat36,8200000,2400000,212300,6400,2400
clexxd|clexxd,8900000,2400000,227300,8100,118
yodeege|Deege,905900,2300000,366900,1900,3500
brentrivera|Brent Rivera,42800000,2600000,492800,3000,433
herranwalt|Herr Anwalt,5300000,2200000,302700,3800,3000
europaleague|Europa League,2100000,2800000,346800,2000,2500
danivallem|Dani Valle,3900000,1600000,130500,1100,19900
nourmar5|nourmar5,14300000,1300000,145900,13000,10100
nada_m7amed|ÿØŸàÿØÿßü¶πüèªü§ç,5800000,3400000,281200,2300,2300
ox_zung|ÏõêÏ†ïÎß® WonJeong,41100000,2800000,399400,3200,727
thor.aya|Thoraya Maronesy,1500000,2700000,468300,2100,1300
caocuongvu|caocuongvu,3400000,2900000,346000,3100,1300
renpc_|‚ú®Ren PC‚ú®,3200000,1700000,318000,2400,5600
julesleblanc|jules,18600000,2900000,657500,1800,516
alexhook2303|–ê–ª–µ–∫—Å–∞–Ω–¥—Ä,4300000,1300000,253600,10800,2300
laurahfritz|laura & lena,2500000,2200000,400800,1500,3300
corvii_ff|EL CORVII üç≠,10500000,2500000,427700,3800,215
gabimfmoura|Gabriela Moura,7700000,2600000,381300,1900,2400
bottleofdjinn|HIM,706300,2800000,582700,1600,1100
mohmadtra|ÿ™ÿ±ŸÅŸàŸÑÿ™ÿß,1800000,4400000,304700,2000,1200
respectme90|Football  ‚öΩÔ∏è —Ñ—É—Ç–±–æ–ª,658100,2000000,243100,3700,5000
soycintiacossio|Cintia Cossio,4100000,5700000,480000,702,838
thegoodhype|Goodlin Siblings,1700000,2500000,443500,1600,2200
carolvillanes|Carol Villanes,4100000,1800000,312300,7000,458
just_jenoah_|Jenoah Santiago,1400000,2400000,488500,1500,2000
datdo0803|ƒê·ªó ƒê·∫°t,6500000,4600000,368800,1700,732
robgronkowski|gronk,2400000,2400000,332000,1700,3500
___nicoichi___|NICO„ÄêÂπ≥Êàê„Éï„É©„Éü„É≥„Ç¥„Äë,1300000,2700000,288900,3200,2100
pablitocastilloo|pablitocastilloo,4500000,1800000,225600,1400,9000
iamjonathanpeter|Jonathan Peter,12700000,3200000,379000,999,2400
meowlife7|Cats is life,876400,2300000,311500,1600,4100
pimpiriya1|PIM PIRIYA,1300000,2900000,567900,1200,1300
ferchugimenez|Fernanda,4300000,3300000,456500,1400,1300
homm9k|–•–û–ú–Ø–ö,39000000,2800000,385800,3000,752
mndiaye_97|mndiaye_97,14200000,2200000,411900,2300,2200
linatejeiro8|Lina Tejeiro,4000000,4000000,295900,992,2400
www.m4th.com|math!eu,6900,1300000,309200,6500,3500
dovecameron|Dove Cameron,9000000,1800000,380500,4500,1300
sjbleau|SJ,12300000,3600000,420300,1700,914
ginescorreguela|Gin√©s correguela,776400,2800000,140500,2600,7700
mrzeooficial|MR ZEO üá©üá¥,16100000,2000000,251100,2000,5900
stellajero16|Vester Ajero,1200000,1100000,265700,10900,2500
teokun711abc|„ÉÜ„Ç™„Åè„Çì@Âπ∏„ÅõËÄÖ,1200000,2800000,317600,1800,2600
ajo.ozil|ùôÜùô™ùôßùô£ùôûùôñ van ùôÇùô™ùô®ùô¢ùôñùô£,900000,6400000,250800,825,1600
"mr_paul.boy|–ü–∞—É–ª, –ª–∏–±–æ –ø—Ä–æ—Å—Ç–æ –ü–∞—à–∞",7200000,2200000,426000,3000,1100
rblx.dreyzon|ü§ç –î–†–≠–ô–ó–û–ù ‚Ä¢ –†–û–ë–õ–û–ö–° ü§ç,1300000,1900000,234000,7400,1200
mattiastanga|Mattia Stanga,2300000,1600000,242400,1300,8600
hannahbahng|hannahbahng,1900000,1500000,471300,4100,1300
haositofficial|HaositOfficial,1200000,1700000,344600,5600,936
kdramas_klis|‚ú®KLIS‚ú®,860300,2800000,368500,1400,2300
mhc_f_f|‚úß‚òΩ ùíπ ùìá ùëí ùí∂ ùìÇ ùíæ ùìÉ ùëî ‚òæ‚úß,1100000,1700000,269900,1400,7000
yurielkysojeda|Yurielkys Ojeda,12200000,4000000,481000,1300,667
elsalsely00|ü•á ÿßŸÑÿ≥ŸÑÿ≥ŸäŸÑŸä ü•á,4300000,4600000,177200,612,4000
mayanelsayed|Mayan El Sayed,3500000,4400000,263500,1200,2100
wasyanka|–í–∞—Å–∏–ª–∏–π,2500000,1700000,124000,1000,16800
vidhia_r|Vidhi_R,4400000,2700000,290600,3200,1600
com.yamato0515|„Äê„Ç≥„É†„Éâ„ÉÉ„Éà„Äë„ÇÑ„Åæ„Å®,1700000,2000000,271000,4900,1900
kaylamalecc|kayla,6600000,2200000,363100,4400,267
munchieslab|Mart√≠n,2700000,2400000,180500,796,7600
albert_cancook|Albert Niazhvinski,4000000,4200000,403400,1400,712
juaniquilador|JuanSGuarnizo,8600000,2000000,452200,1600,2500
cerenyaldz|Ceren Yaldƒ±z,9200000,2200000,164500,8500,1300
thedannyphantom|danny,80100,1900000,177100,7800,2700
cindylauw|CindyLauw,148600,2200000,323900,4500,439
gehadhassann|Gehad hassanüë∏üèª,7300000,1400000,177000,3500,10700
dudamaryah|dudamaryah,4100000,3000000,340700,2000,1400
the.revival|Revival,392800,2200000,283800,1200,4400
gavinmagnus|GavinMagnus,5200000,2000000,254900,6400,412
ermmm.umm|user569215425698,2100,1900000,254500,2300,4800
thegerbers_|üß°–ú–∞—à–∞ –∏ –†–æ–±–µ—Ä—Çüß°,5300000,3700000,375300,2100,344
hiagodosvideos|Hiago Marques,1200000,2600000,365400,2000,1600
andweaso|Andrea,5900000,3000000,542100,1200,884
luisvelody|Luis Velody,6200000,3300000,459900,910,1300
yoshi30244781481|„Å´„Å£„Åó„Éº,3900000,4000000,409600,1200,837
the_joe_gatto|joe_gatto,6500000,2900000,247700,1400,3200
frankielapenna|Frankie LaPenna,1800000,4900000,411700,735,943
.diana__tc|Diana TC,2900000,3200000,348700,1900,1100
matsudake|M2DK/„Éû„ÉÑ„ÉÄÂÆ∂„ÅÆÊó•Â∏∏,4700000,8100000,199800,1200,833
anokhinalz|–ênokhina Liza,35600000,2800000,374000,2800,379
mranto|Anto Garcia,8200000,6500000,274700,1300,570
iheartmemphis|iHeartMemphisüî•,12500000,4300000,260200,2300,687
sobrevivente13|Edelson Ribeiro,4100000,2200000,188300,1700,6200
pam_a_cake|Pam,4100000,3500000,487400,1600,334
ardkth|ùêäùê¢ùê¶ ùêÄùêëùêù,1300000,1100000,350400,2000,6500
cemresolmaz|cemre solmaz,10200000,2200000,180900,7200,976
philipdefranco|Philip DeFranco,1900000,2500000,319200,2800,1300
otakoyakisoba|otakoyakisoba,14100000,2800000,278800,1800,2300
freeritzyralph|Ritzyralph,1400000,1500000,375400,3300,2400
jhothsa|jhothsa,12300000,1700000,224700,1700,6700
icebox|icebox,6200000,3000000,277200,3300,517
tatiana1964_2|–¢–∞—Ç—å—è–Ω–∞,31000,1700000,12400,207,151800
nmixx_official|NMIXX,1100000,1600000,318500,4200,2100
bmbsh7|ÿ®ŸÖÿ®ÿ¥ ÿßŸÑÿ≥ŸäÿØ‚ô¶Ô∏èbimbsh‚ô¶Ô∏è,3800000,1800000,289500,3800,2300
jackjos3ph|Jack Joseph,2400000,1400000,246300,3500,5700
bikedasher|Patrick,2200000,3300000,370400,2200,427
benjikrol|Benji Krol,30300000,2400000,338900,3400,488
djmariio|DjMaRiiO,983800,2200000,329200,1300,3000
reeh__augusto|Reeh Augusto,3700000,2100000,371800,2500,1600
onlyjayus|Bella Avila,17600000,2300000,344700,2600,1300
sabrinacarpenter|Sabrina Carpenter,12000000,2200000,298800,2800,1900
barbaracoura|B√°rbara Coura,8000000,2400000,384300,2200,1200
ngikuttrendaja|Ahmad Rizki,192800,3700000,304500,1500,1200
rayssabuq|Rayssa Buq,5400000,1800000,326800,2600,2600
olisboa|LISBOA,612000,3000000,505000,944,1100
mimiermakeup|Mirta Miler,14500000,2700000,448600,2200,367
verycooll_real|Very Cool,1400000,3100000,234500,1300,3000
just.hamilton|Just Hamilton,2300000,1700000,271600,2900,3900
michou_yt|Michou,6700000,3600000,256400,2800,456
gregisms|Gregisms‚Äô Neighborhood,2200000,975500,168000,6700,11600
butt.erhand|Lucie,176400,2200000,201500,514,6200
gbandme|GB and ME,5700000,1600000,250100,4800,2700
fransfaisal_real|frans faisal,272900,2500000,278800,3300,926
officialjellyroll|Jelly Roll,2400000,2300000,290800,2600,1800
lossiblings_|Lossiblingsüç≠,23600000,2800000,396900,1800,863
davidgetial|deivis,13300000,3200000,439400,1800,302
zodiac.boyfriend|Zodiac Boyfriendü™êüîÆ,1600000,1600000,219700,3600,4700
michellerenaud|Michelle Renaud,2300000,4200000,357800,1100,801
kelvin__silvaa|Kelvin__silvaaa,3400000,2000000,163600,1100,7700
user4350486101671|user4350486101671,16200000,1600000,302300,4700,1300
jeison_giraldo|JeisonGiraldo,24600000,3400000,426500,1700,300
chrisdelia|ChrisDElia,1700000,1800000,268500,643,5500
lightskinkeisha|LightSkinKeisha,1900000,2000000,303200,1200,3500
larasilvan|Tik Toker,15900000,1800000,351300,3400,1100
la_lerma|LERMITA,11600000,2700000,354300,1200,1800
duolingo|Duolingo,3400000,1500000,281100,4500,2300
danythegaggio|Daniele Cabras,2700000,1400000,214200,1700,7800
dari_wadha_home|Dari_wadha_home,1400000,2900000,182100,2400,2900
pkllipe|Pk,16500000,2200000,383900,1600,1800
aloserishere_|ùôáùô§ùô®ùôöùôß.,159400,1100000,165500,6600,8800
olivertree|Oliver Tree,12500000,3000000,324100,1800,1100
lonely.moods|:),354500,815500,214000,5400,10600
jessnolimit999|Jess No Limit,5300000,2700000,264700,3100,877
sooshimango|Sooshi Mango,483400,1100000,100700,3500,21700
spider_slack|spider_slack,31600000,2600000,314300,1700,1700
realmadrid|Real Madrid C.F.,11700000,2100000,300500,3000,1500
leanadeeb|Leana Deeb,4200000,2600000,426900,1000,1500
jonathanbecerraoficial|Jonathan Becerra,1200000,2300000,173400,1500,5500
officialturk|Officialturk,26100,1100000,237000,7500,3400
isabuenox|Isabelle Bueno,2800000,1900000,410400,2500,1000
peachypollo|Emillee,1400000,2300000,480600,749,1700
monabouchon_|Monabouchon,139100,1500000,127600,468,13700
monabouchon_|Monabouchon,139100,1500000,127600,468,13700
reymbayang|Rey,3300000,2300000,273300,1900,2400
noahbeck|noah beck,32800000,2900000,342700,2300,439
limaunipisofficial|limaunipisofficial,602600,1500000,107700,1300,15400
therealhammytv|TheRealHammyTV,13300000,3700000,156500,884,3800
matheusevitoriaofc|Matheus e Vitoria,6900000,2000000,317900,2200,2000
7iprast|ùó∂ùó°ùó¶ùó¢ùó†,3600000,1700000,163500,1100,8600
oli_natu|Oli Natu,7900000,2900000,408300,1200,1100
sebbylaz|Seb Laz,4100000,1800000,238600,5500,894
r___.89|ùëÄùëñùë†ùë°ùëíùëü ùëÖùëíùëíùëöùëé üòæ‚ú®.,3500000,1800000,299800,3800,1300
anwar|Anwar Jibawi,11700000,2500000,275900,1300,2500
blake.snider|Blake Snider,4600,2800000,150700,967,5500
alejwho|Alejandro,983500,1500000,279100,2500,4100
anitta|Anitta,17200000,3800000,263400,1600,1000
tangychu|–¢–∞–Ω–≥–∏ —à—Ç–æ–ª–µ,20900,1300000,259400,2100,5700
newt|newt,9400000,2300000,378500,1400,1600
brookemonk_|Brooke Monk,19000000,2700000,339600,2000,867
psg|psg,25300000,2700000,319200,2200,777
roy.0fficial|Roy.official,290800,1200000,108400,432,19600
nicollefigueroaa|Nicolle Figueroa,9600000,2500000,343000,2500,546
ucgj7|‚òùÔ∏è–ë–∏–ø–æ–ª—è—Ä–æ—á–∫–∞üëÜ,1500000,1800000,179800,6200,1800
startup.mp4|startup.mp4,98000,944300,246600,4700,6400
beca|Rebeca Barreto,21900000,2300000,297700,3000,819
glebpiano|–ì–ª–µ–± –ü—å—è–Ω—ã—Ö,457300,3000000,75000,3100,8400
emilyfauver|emily&ella,3300000,2500000,377900,1300,1500
mikaylanogueira|Mikayla Nogueira,11200000,2200000,323800,3000,657
ivanovik.83|ivanovik.1983,172700,2300000,91500,1100,11100
francis.bourgeois|Francis Bourgeois,2300000,2000000,193000,1600,5000
kaan.etm|Kaan,2600000,2000000,358400,2800,807
ramonvitor|ramonvitor,2200000,1800000,397900,2500,1100
imreddtv|REDD,883100,3200000,190800,1200,3100
scarlettsspam2|scarlett,1100000,2200000,204700,4500,1200
siscakohl|Sisca Kohl,10400000,2600000,306500,2200,986
_andrewcurtiss|Andrew Curtis,2400000,1300000,274000,4800,2500
_xndirizlky_|_xndi rizlky_,11500,3700000,166500,2200,1800
kingmajesty_princessrose|Nelson and Rose,155000,1600000,109600,1300,13000
serchexmx|Serchex,123100,1400000,265000,2900,3700
hoaminzy_hoadambut|Ho√† Minzy,4000000,3200000,345000,1800,423
samsung_guy|Callum,117500,1800000,237200,4900,850
arbooks__|Arbooks,392100,2100000,223800,2600,2600
eduincaz5|Eduin Caz,5200000,2800000,278700,1200,1900
agigigrigio|Giovanna Grigio,2000000,3600000,325000,1700,407
kienreview90|Kien Review,9800000,4500000,254100,1300,850
kallmewhateveryouwant|kallmewhateveryouwant,10900000,1800000,342300,3200,744
kopke613|kopke613,3600000,1100000,141800,2200,13200
colewherld|colegonzales,4900000,2100000,297200,696,3200
zloinvfx|Stanislav Anisimov,135800,3300000,172600,899,3300
yordy_yor|Yordy_Yor,1200000,3800000,146200,3700,671
countingshleeps|blake,2100000,1700000,265600,2800,2600
jasminechiswell|Jasmine Chiswell,15200000,3400000,404400,1500,212
fjerry|FJerry,3000000,1400000,109500,3000,12600
roportajadam|Mahsun Karaca,930100,2700000,157000,564,5100
outtpig|Cameron Perez,1600000,1500000,350200,2200,2300
qpark|Q Park,30200000,3200000,216000,1600,1800
andcarli|Anderson Carli,6000000,4400000,234000,1800,500
mitzakoff|lucasmitzakoff,1900000,1300000,270300,2400,4200
itsjojosiwa|JoJo Siwa,40700000,3000000,370200,1700,383
good.boy.ollie|Good Boy Ollie,2800000,2100000,344300,1100,2100
alaa.ayyman|ALaa Ayman,8200000,3700000,364600,820,935
jj_olatunji4|üá¨üáßüá¨üáßüá¨üáß,1600000,2300000,334600,591,2400
leaelui|Lea Elui,17000000,2800000,375900,1100,1200
innkastar|Innkastar,11600000,2600000,193500,4000,666
anilinom|anilinom,11800000,10600000,136800,441,1200
mileshampton|WilsonsHouse,140300,1300000,299300,2400,3500
mastercorbuzier|Deddy Corbuzier,2100000,3000000,215600,2800,791
djraulitooficial|Dj Raulito,605300,3300000,167000,715,3500
brandonspam_|Brandon Conner,7300000,2200000,281700,3200,558
paulaverhoeven|Paula Verhoeven,997500,4900000,232700,1100,946
madisonpettis|Madison Pettis,2600000,2900000,493500,1000,603
arianagrande|arianagrande,26600000,1400000,333900,3900,963
vekalife24|vekalife,2400000,1500000,116200,459,12600
westbrouck|Mattie,8600000,1900000,423100,2200,655
the.big.mike|The Big Mike,71500,1500000,176800,4200,4000
.mats.ftl|‚ù§Ô∏è‚Äçüî•–õ—ë—à–∞ –ú—ç—Ç—Å‚ù§Ô∏è‚Äçüî•,6700,1700000,210200,1700,4600
bilalfadilii|Bilal Fadili,958400,1800000,210400,2300,3700
jaydafnwayda|JAYDA WAYDA,3200000,2200000,333400,1200,1900
vzelivx|vzelivx,731300,2100000,271200,2600,1300
benoit_chevalier|Beno√Æt Chevalier,8700000,1700000,180900,3100,4200
ninogashi|NinoGashi,1300000,1800000,179700,3200,3700
twice_tiktok_official|TWICE,13900000,1200000,223800,6500,1800
beniju03|BENIJU,2200000,1600000,304800,3800,716
chourouk.model_official|Chourouk_model_official,4400000,3200000,270500,897,1700
shabiraalulaadnan|Shabiraalula&Ayah,5100000,3200000,256400,1500,1200
ryskalamarcysia|ryskalamarcysia,1800000,3100000,360900,1600,403
namyulenka|Namy,6000000,2000000,366200,2100,901
tu.terapeuta.en.tiktok|Leandro Olszanski,1600000,1600000,328500,1900,2300
devincaherly|Devin Caherly,6900000,3600000,406600,1300,213
itsmatheuscosta|Matheus Costa,4300000,2100000,235300,1700,2800
virguleanimaleshow|VirguleAnimaleShow,850000,1200000,190800,1800,7700
vtkh2004|V≈© Th·ªã Kh√°nh Huy·ªÅn,7700000,2600000,321400,2000,588
mateuspesce|Pesce,5700000,1700000,254900,2000,3000
how.kev.eats|how.kev.eats,1800000,2500000,323000,1800,926
zubarefff|–ó—É–±–∞—Ä–µ–≤ –ê–ª–µ–∫—Å–∞–Ω–¥—Ä,2900000,2000000,300100,1700,1900
vancityreynolds|Ryan Reynolds,19700000,2300000,282800,1600,1700
clecolucci|Cl√© Colucci,2900000,935100,165000,9400,4500
mr.v1bez|MR.VIBEZ,853000,1400000,364200,1900,2300
nosoychaparro|Luis Chaparro,2800000,2100000,360300,2500,320
lilyxgarcia|Lily Garcia,8900000,1800000,418200,1900,906
juanpazurita|Juanpa Zurita,12800000,3300000,397700,804,782
juandaniel.ibarra|Daniel Ibarra,26600000,3300000,353700,1400,406
juandaniel.ibarra|Daniel Ibarra,26600000,3300000,353700,1400,406
maddiebools|Maddie,52900,1700000,99600,3600,8900
abir.sag|Abir e sag,11000000,2500000,176900,2900,1700
lexychaplin|Lexy,3000000,2000000,308200,2700,595
mich_gzl|Michelle Gonz√°lez,538300,3100000,220600,730,2200
more.annapaul|More Anna,1500000,2700000,447800,1300,418
ktlynraps|Ktlyn,1900000,2100000,226700,2000,2300
yano4kaa.aaa|Yano4kaa.aa,3000000,1700000,267100,2200,2300
baga..genius|–ú–æ–ª–æ–¥–æ–π –ì–µ–Ω–∏–π,721600,1900000,279700,1700,2200
lelepons|Lele Pons,26800000,2200000,307400,1900,1100
n.vv3|ŸÜÿßÿµÿ± || üá∏üá¶ alsubaie ..,1900000,3300000,158000,3200,642
flakeysalt|Joshua weissman,6200000,2500000,352900,664,1600
kikakiim|Kika Kim,29500000,2200000,296000,2200,918
emilymariko|Emily Mariko,10100000,3000000,321700,1300,766
milos.guzel|Milos,4800000,1900000,425500,1700,774
hashbrotatoes|H&SH Brotatoes,390100,2200000,342600,1400,1300
diana_aster|üíó DIANA ASTER üíó,10400000,2700000,337400,1800,417
gabrielabee|GABI BEE,9300000,1200000,248000,5500,1200
igorjansen|igorjansen,10600000,2200000,275700,2400,953
ifluent|iFluent,2800000,1600000,174500,4000,3100
mateus_hwang|Mateus Hwang,1900000,2100000,139600,5700,1200
taimmm8|888,1000000,2000000,318800,1500,1600
mandrake1984real|Giuseppe Mandrake Ninno,883800,1400000,180400,982,7000
lisav_|–Ω—É –ª–∏–∑,1900000,1900000,370700,1300,1400
chadio|Chad Epps ü¶í,6900000,1500000,240400,3600,1700
rachyohumlek|‡∏£‡∏±‡∏ä‡πÇ‡∏¢‡∏ï‡∏±‡∏ß‡∏õ‡∏•‡∏≠‡∏°‡∏ô‡∏≠‡∏Å‡∏ô‡∏±‡πâ‡∏ô‡∏à‡∏£‡∏¥‡∏á‡∏´‡∏°‡∏î,1600000,4100000,349700,951,397
aiki_kr|ÏïÑÏù¥ÌÇ§ Aiki,1800000,1700000,363200,2000,1100
itsmenicksmithy|Nick Smithyman ü§ì,6400000,1500000,265000,3100,1900
alexiatamiraa|üçìAlexia Tamiraüçì,7500000,2300000,312000,2200,479
v1ctoryuh3.0|sexy lady,1600000,1600000,303100,1700,2200
taavmaki|Taav,686900,1300000,217200,2700,4000
esnyrdump|esnyrdump,603800,1800000,271600,2200,1900
andersonprofetaa|Anderson Profeta,2500000,1200000,151700,2200,8200
jason.nms|Jayway,652600,1500000,254900,2400,2500
cassholland|Cassie Holland,1500000,2000000,381900,1500,917
pokrov|–ê–ù–Ø –ü–û–ö–†–û–íü•ë,16300000,2200000,287600,2100,895
rhyadmuslim|Rhyad ‚òùÔ∏è,344000,1000000,222200,2400,5800
bretmanrock|bretmanrock,14000000,2600000,361800,1500,492
alvesdudas|mari√™,855700,1400000,349900,2100,1800
monika.kociolek|Monika Kocio≈Çek,2600000,1200000,196800,6600,1300
sanae33359|San AE,1700000,2700000,224100,1200,1900
iben_ma|Iben M.A.,5600000,2500000,191800,3500,455
fes.ti_|festi,1200000,1200000,264100,3600,2300
imanthonyvargas|Anthony Vargas,6500000,1900000,341400,2600,268
wicsur|‚ô•Ô∏è–ë–ò–°–ö–ê–°‚ô•Ô∏è,7000000,1600000,126500,8900,248
sxmplyni|Simply Niüå±,1600000,2600000,248800,1400,1400
itsqcp|QCP,9400000,2500000,371300,1100,888
ssanwhere|hassan,369400,1300000,237800,3100,3100
lizzebethmuaa|Lizzebethmuaa,3600000,3600000,357100,721,705
crispy|Crispy Concords,1200000,2900000,400000,986,593
blythe|Andrea Brillantes,17300000,2300000,382500,1200,960
kmiloop|Kmilooo,796900,1200000,228200,1300,5600
ilhamputrayuda|Ilham Yuda,1600000,2800000,326300,1200,814
anyaischuk|Anya Ischuk,10500000,2700000,317200,1800,341
diegodiego_|Diego Cruz,7200000,2100000,258500,1800,1600
winnermaxyt|WinnerMax,1800000,2500000,220200,968,2300
rafaelsantos|Rafael Santos,16700000,1800000,289700,2700,736
lkzinhu|LK,14300000,2400000,346900,1200,998
mercuri_88|Manuel Mercuri,19000000,2700000,238700,1600,1200
saxcy|saxcy,747200,2600000,271500,1300,1300
mdmotivator|Zachery Dereniowski,6200000,2500000,357100,1400,599
c.tangana|C. Tangana,372100,4400000,200300,735,1300
nuhchez|Nuhchez,5700000,1700000,248500,2000,2200
mieayamthebstt|Unaaüçú,13000000,2400000,264700,2000,827
ayutingting|Ayu Ting Ting,5800000,2400000,176400,2100,2100
yailinlamasviraloficial_|Yailin La M√°s Viral,2800000,2500000,210000,3000,365
sehataqua|SehatAQUA,249300,23300000,67400,647,467
jordanemel|Jordan e Mel,8700000,2400000,183600,1000,3000
gingerbilly1|GingerBilly1,5700000,1100000,163700,954,8700
samkamusic|INSTASAMKA,12400000,1800000,227900,2700,1500
jaxwritessongs|Jax,8300000,1900000,220100,2800,1500
sthefane.matos|Sthefane Matos,5100000,3200000,261700,1400,603
son0_0|ÏÜêÏÉàÎ≤Ω,2700000,3900000,216800,1500,514
flickerspark_|flickerspark_,1200000,1700000,446700,1200,1100
kostyxd|Sergi Cabrer,2100000,2100000,290900,1700,1100
mahalinzi|Mahalini Raharja,655500,2700000,251900,1600,917
jesusangelperezoficial|üö® ESE P√âREZ üö®,3500000,1700000,186500,898,4600
tarankaaa|Dasha Taran,8000000,1700000,283400,2400,1000
its.michhh|Michel Chavez,28600000,2200000,340400,1900,369
aileenchristineee|Aileenchristineee,5600000,1700000,310000,1100,2100
mads.yo|Madison,12700000,3100000,322900,954,710
itstalasafwan|ÿ™ÿßŸÑÿß ÿµŸÅŸàÿßŸÜ | Tala Safwanüåµüë∏üèΩ,3700000,2100000,138200,5200,502
karenos11|ùêäùêöùê´ùêûùêß ùêéùê¨,6100000,2000000,367200,2000,242
jojohfsex|fullhyp3,1600000,1400000,262100,2700,1800
nansartt|nansartt,1300000,2100000,422700,1400,456
aviranisha|Avira Nisha,3600000,2500000,310600,1800,344
03emergenxy|meyes not mayes,432500,3400000,215900,1700,561
nuun____|Nuun üçÇ,271800,651600,118100,1500,20000
iloveyourmomscatt|,8200,1300000,159300,4900,3300
thongsoaicavip|Th√¥ng So√°i Ca,1600000,2700000,172000,2600,971
ivanantoniochacon|Tik Toker,7200000,1300000,461600,1900,806
jhekhoos|Jecus Andrei,3800000,1900000,235900,1300,2400
kimpeeee|Kim Lajara,5800000,3400000,298500,507,1100
birdsarentreal|Birds Aren‚Äôt Real,852800,1500000,263500,2400,1800
markoterzo|M A R K O,2500000,1800000,168700,4200,1200
nnatalieaguilar|natalie & the aguilars,4200000,2800000,373600,702,845
halinhofficial|Ha Linh Official,1000000,2600000,187300,2800,604
sosiadoneymar|Eigon Oliver,6000000,2500000,179900,1800,1800
saadradio|Saad,1700000,3400000,260200,1200,670
leleburnier|LEL√ä BURNIER,1400000,1400000,326000,2700,958
thelandofboggs|The Land Of Boggs,5200000,2600000,367700,857,829
yuna1_27|üêöYuna_Ïú†ÎÇòü§ç,2200000,1600000,291000,1400,2000
abaas_majid_|ÿπÿ®ÿßÿ≥ ŸÖÿßÿ¨ÿØ,2000000,2100000,206900,2200,1500
muhammetalisarii|Muhammet Ali Sarƒ±,264100,2900000,128400,1400,3000
theluciole|Luciole,955000,1700000,395200,2000,428
dafaatmja|Dafaatmja,9900000,2000000,162600,4100,856
pushistyk|VL,13300,1900000,272200,1600,1600
juliano|julianofloss,6700000,2100000,306700,1600,851
nicholas_crown|Nicholas Crown,1600000,2900000,490500,863,262
oipedrodaher|Pedro Daher,3100000,1100000,206600,1800,5100
jimena.jimenezr|Jimena,22800000,1700000,311700,1000,2000
mellacarli|Mella Carli,1700000,1400000,220500,2100,3000
viktoriya__bars|Viktoriya Bars,139700,1300000,56600,2200,19400
missmarymmouser|missmarymmouser,2900000,1900000,255500,2700,570
coleandersonj|Cole Anderson James,1500000,1600000,280500,1200,2300
pumbacaracal|PumbaCaracal,3500000,2100000,130900,3300,2600
the_green_car|The Green Car,168800,4300000,339800,662,417
providingforthecommunity|Russel Cameron,313600,1600000,114600,5500,3400
hannahstocking|Hannah Stocking,25900000,3000000,338400,967,582
pk.99999|PHUKLA,1200000,1500000,288200,1700,1900
lilchefmil|Milan Bhayana,861100,3000000,501100,678,367
jeremylynch|JeremyLynch,18600000,1700000,248000,2600,1200
ph1lzatiktok|Ph1LzA,2200000,980500,309200,4000,1100
jack_papho69|‡πÅ‡∏à‡πá‡∏Å ‡πÅ‡∏õ‡∏õ‡πÇ‡∏Æ,6300000,2800000,344100,766,862
cesarpantoja.n|Cesar Pantoja,12400000,2000000,305400,2200,317
yajanaaa|Yajana Cano,5000000,1500000,255300,767,3300
dilaraaduman|Dilara Duman,1900000,3400000,175800,653,2000
justinbieber|Justin Bieber,23600000,1700000,197500,3200,1400
lukedonkin|Luke Donkin,2300000,1500000,199000,2900,2300
alexxxxan|–∫–æ—Ç–∏–∫,1700000,1700000,307500,831,2100
monsieurpof|Monsieur Pof,2800000,1700000,340600,1800,938
dennnyn|DENII,3300000,1000000,136400,773,10500
lauratheux|Laura Theux,208300,3500000,234700,846,1000
com.hyuga1117|„Äê„Ç≥„É†„Éâ„ÉÉ„Éà„Äë „Å≤„ÇÖ„ÅÜ„Åå,995500,1200000,199800,4900,1500
robegrill|Roberto Morales,10200000,1900000,209500,1100,2700
emoglam|–µ–º–ægla–º,1500000,2700000,307300,1000,806
luvtheflex|taryn,1400000,1900000,156900,3800,1300
jombospice|JOMBOSPICE,7200000,2500000,239800,1900,617
rusuh_brooo|RUSUH BROOO,27500,840600,150800,1500,10400
shandyjuragan99|Shandyjuragan99,1100000,3000000,183500,1900,869
pjmxck|ùêÇùê°ùê¢ùê§ùêö‚Å∑,1000000,738700,263200,2700,5000
kamashrafi|kamran,48200,1200000,231600,2600,2800
najihmumtaz|Najih Mumtaz945,682300,1600000,93900,4500,5500
chelseahartisme|Chelsea Hart,1500000,3500000,138900,0,3100
gheayoubi08|Gheayoubi,7900000,3200000,171100,1200,1600
annaxsitar|anna x,11600000,3000000,461200,723,381
y.i.m_|–û—Ç–±–æ—Ä–Ω—ã–π —é–º–æ—Ä –∏ –∫–æ–º–µ–¥–∏—è üé≠,177500,1400000,121300,1200,7700
matsu_kusarine|„É©„Éñ„Éû„ÉÑ (LOVEMATSU),563900,2900000,186400,1800,1000
beinsports|beINSPORTS,1200000,1700000,213800,2200,1900
_mister_z|Marco Zedda,4500000,1600000,272200,2400,995
.shuberrr|–º–∞–∫—Å–æ–Ω—á–∏q,5800,2000000,152700,2100,2800
maharanikemala|maharanikemala,3200000,2500000,156200,1800,2000
analisseworld|Analisseworld,9900000,2100000,328900,967,1200
jairsanchezzz|Jair Sanchez,6200000,1300000,226900,1800,3500
machikayt|MachikaYT,12000000,1900000,291100,2200,558
michaelrendyw|Michael Rendy W,4600000,3900000,293600,740,558
dobretwins|Lucas and Marcus,35200000,1800000,221400,3300,498
swagboyq|SwagBoyQ on IG,23400000,3000000,216600,1400,858
xoomid|Xoomid,8200,1100000,135300,4200,5700
_nch04|ùêçùê†ùêÆùê≤ùêûÃÇÃÉùêß ùêáùêöÃâùê¢,4800000,2500000,209100,1400,1400
davidgalvanv|David Galv√°n,3900000,2600000,244200,1500,807
usernamepuntaktahu|CEO OF SEKOLAH,587700,2200000,293300,1700,595
primkung007|PRIMKUNG,2100000,1400000,259900,3500,575
isabelgiannuzzi|Isabel,1100000,3500000,298100,1200,187
baileyspinn|bailey,11100000,2300000,296100,2000,137
summerwalker|Summer Walker,1600000,1100000,199200,3300,3300
huynh_quang_6767|Hu·ª≥nh Quang - B·∫£o Ng·ªçc,457600,2100000,185600,3400,337
bs_fo4eek|Fo4eek,36900,1900000,158800,2600,2100
carloandsarah|,3300000,2400000,188400,1200,1900
nadaakkhaledd|Nada khaled,2700000,2100000,275900,1300,1100
ups|UPS,92600,1200000,136700,2200,6300
ninja|Ninja,8300000,2300000,216200,1600,1400
attahalilintar|Atta Halilintar,10100000,2600000,288900,1300,661
nam.per|Nam Per,1600000,2500000,225000,1500,987
leal_stephany|Stephany Leal,13100000,1700000,351200,738,1600
lucaslopezvilet|Lucas Lopez,2400000,1300000,191400,1300,4500
vlad.hoshin|HOSHIN,11400000,1100000,250800,4100,1000
kauanahofem|Kau,7000000,1800000,262900,1800,1200
xolyssarosexo|Lyssa,60100,1600000,92600,8700,1100
joe.bartolozzi|Joe Bartolozzi,17800000,1500000,296700,2800,376
maxkhadarr|max khadar,1300000,1100000,197600,3000,3400
jacksonaces|JACKSON ACES MAGICüé©,6200000,1500000,93000,3000,6900
ninjagirldraws|Dania,3600000,1700000,147100,2000,3500
trien.13|TRI·ªÇN CHILL,491400,1300000,177100,3900,2100
connordewolfe|Connor DeWolfe,5300000,1100000,276000,1500,3000
loupernaut|Lou PERNAUT,1300000,2400000,280700,1800,198
bxyeditss|[panyo ni irene],419400,1100000,202500,2800,3400
totochegang|Anto,1400000,1400000,275400,1400,2300
luciiasanese|lu,30100,1200000,186900,2700,3600
nickandcarrie|Nick&Carrie,5600000,1900000,290500,1000,1500
juanchimy|Juan Lopez,2700000,1400000,325100,1700,1300
bene.schulz|Bene,5700000,2000000,254600,1600,1100
com.amugiri2|„Äê„Ç≥„É†„Éâ„ÉÉ„Éà„Äë„ÅÇ„ÇÄ„Åé„Çä,712300,1300000,200100,3800,1400
goldwin.reyes|GOLDWIN REYES,1500000,2500000,335300,964,659
lulu_pt|Lulu,299600,1900000,223900,921,2200
itskingchris|KingChristian,15300000,1400000,258600,2200,1700
fahmi.nm|Fahmi,7600000,2200000,237400,1800,748
farhanrn__|FARHAN,3800000,1700000,281900,1800,1000
liltjay|Lil Tjay,4400000,1800000,221200,2700,775
vilmeijuga|VILMEI‚ú®,8400000,1700000,169200,3500,1100
faryanggaa|Ryann,4400000,1700000,272200,1900,1000
gordeewa__13|–≤–µ—á–Ω–æ –∏–∑—è—â–Ω–∞—è,9500000,2600000,214500,1800,604
fadiljaidi|Fadil Jaidi,7500000,2500000,351600,967,543
darianrojasc|D A R I A NR O J A S,29400000,3100000,445000,575,385
ibaillanos|Ibai,8900000,1500000,260500,1300,2000
tsezy|Tommy,4800000,2000000,253500,1900,735
linhkool1993|Linh Kool,4500000,3300000,330300,954,256
rayanfahmi|Rayoon,3200000,2200000,192000,2100,1100
unnecessaryinventions|unnecessaryinvention,4600000,2200000,194600,2000,1100
basementgang|Basement Gang,5000000,1400000,275200,1400,2100
bessan_esmail|ÿ®Ÿäÿ≥ÿßŸÜ ÿßÿ≥ŸÖÿßÿπŸäŸÑ - Bessan Ismail,10100000,1800000,132100,4200,1400
com.yuma1214|„Äê„Ç≥„É†„Éâ„ÉÉ„Éà„Äë„ÇÜ„ÅÜ„Åæ,812700,1300000,188300,3900,1400
anggun_core|anggun‚ú®,14800000,3600000,178000,1300,697
xibibrothers|Xibi Brothers,7600000,1800000,246500,888,2000
moni_lina|MoniLina,14500000,7700000,128100,367,942
avani|avani,40400000,1800000,237600,2100,874
haijoel|Haijoel,409500,2800000,167700,2500,279
samanthayve|samantha eve,5800000,1300000,205400,3400,1400
hoaa.hanassii|ƒê√†o L√™ Ph∆∞∆°ng Hoa,10800000,1600000,255300,2400,695
ryanbakery|ùôçùôÆùôñùô£ùòΩùôñùô†ùôöùôßùôÆ,1100000,1600000,171300,2400,2400
djprecise|DJ Precise,3400000,1700000,186400,3100,897
jeffreestar|Jeffree Star,2200000,2100000,208400,2000,872
christiandaloii_|Christiandaloii_,2900000,1500000,197400,2500,1900
abdullah_eltourky|Eltourky üëë,6700000,2000000,235700,1200,1400
oironyoliveira|Kbuloso üòà,5900000,1300000,87300,490,10900
lana_mohd89|ùë≥ùë®ùëµùë® ü¶ã,4400000,2100000,161700,2400,1200
lyrico__| ü è Ä…™·¥Ñ·¥è,2900000,1100000,105600,1100,10100
beasteater|BeastEater,18000000,2700000,248400,1700,208
nick.digiovanni|nick.digiovanni,8600000,2100000,295300,1200,778
milosramen|Jacobüá≠üá≥,1300000,2200000,272900,1400,665
steveharvey|Steve Harvey,9200000,1800000,176800,1700,2400
ngoanhtan1|B·∫°n T·∫•n ch√∫a t·ªÉ n·ªói bu·ªìn,777600,1600000,153100,2700,2400
gemelasabello2|gemelasabello2,13200000,2600000,293200,693,950
creatorar|Arpostt,624100,1700000,141300,733,4400
vanrezaputra|Elaina,320100,1900000,163300,2300,1800
bestluxurycars|Bestluxurycars,3000,769500,136900,1400,10200
johaanzu|JohaanZu,3600000,1700000,320200,1600,716
nelyrall|NELYRALL,4600000,1100000,214500,1900,3500
leigh_mcnasty|Leigh McClendon,2800000,1000000,157000,1300,6100
xo4y_remont56|user4538340664186,82900,2700000,67400,589,6000
sofarsabi|SOFARSABI,5500000,2100000,208400,2200,584
cerolzera|CEROL,4100000,1700000,180400,2700,1300
animalize21|animalize21üî•,10300000,2000000,248100,1400,1000
itspierreboo|Pierre,12500000,1900000,278300,1600,753
lorengray|Loren Gray,54300000,1800000,248400,1500,1200
football.tonight|football.tonight,391500,2000000,152200,2300,1600
danielmidas|danielmidas,281800,1400000,119100,1600,5500
laila_mahmoud62|ŸÑŸäŸÑŸä ŸÖÿ≠ŸÖŸàÿØ ‚ô•Ô∏è,3000000,3400000,204700,772,931
quintongriggs|Q U I N T O N,6400000,1400000,169800,3300,1700
erictro|Eric Tro,2200000,3700000,358800,453,438
doongool|üî•Dongolüî•,3100000,2200000,255000,1100,1000
madozilla|mad,5700000,888900,194400,3900,2900
anxietycouple|Anxiety couple,10700000,2600000,274900,765,886
nildachiaraviglio|NildaChiaraviglio,798900,1300000,117900,723,7000
haccon.01|ùêáùêöÃ£ùêú ùêÇùê®ùêßü¶©,325100,1900000,157800,3600,314
fukada0318|Ê∑±Áî∞„Åà„ÅÑ„Åø,4600000,2000000,150800,2600,1300
ahmedbasyoni|Ahmed Basyoni,1200000,1700000,125900,2400,3000
sinadeinert|sinadeinert,5500000,967700,207500,4600,1200
austinandlexi|‚ö°Ô∏èAustin & Lexi üí•,3200000,1300000,253300,1500,2000
jayrscottyy|Jordan Scott,2300000,900600,173100,3700,3700
manja_faiez|Manja,593100,1500000,128000,2200,3800
moontellthat|MOONTELLTHAT,13100000,2300000,156900,1700,1600
baraa.bolat|@baraabolat,1600000,2300000,143900,2500,959
yurika_aruno|Danoneüíï,2800000,1300000,209900,2900,1300
360tv|ARISHA ROSS,9900000,2000000,162000,3000,461
its.__yara|its._yara,749500,1100000,65400,7300,8600
ava_love33|Ava Love,2700000,1500000,299500,2100,471
mohaimen.alaa|ŸÖŸáŸäŸÖŸÜ ÿπŸÑÿßÿ°,2900000,1200000,190400,3500,1500
officialsalicerose|Salice Rose,18600000,1100000,201300,1800,3400
hisoyvaleria|‚ûñV A L E R I A ‚ûñ,6200000,2700000,354700,803,380
saaihalilintar|SAAIH HALILINTAR,4300000,3000000,272400,893,492
pierson|Pierson,12500000,2000000,287000,1700,306
mursid241|Mursid,2200000,2400000,179100,2300,416
stayc_official|STAYC,1300000,1600000,181100,2900,1000
liamsilk|Liam Silk,6900000,890600,249600,2600,2500
deangerald|ùïØùñäùñÜùñì,382000,1300000,193900,607,3800
polya_tuti|–ü–æ–ª—è —Ç—É—Çüî•üëá,2300000,3100000,250600,711,730
trevorwallace|trevor wallace,7300000,1500000,208700,759,2800
jarvali|Jarvis,2200000,1200000,251700,2100,1600
gertieinar|Gerti & Megi,2500000,4000000,162300,904,835
_angelomarasigan|Angelo,484000,1400000,206700,2100,1800
lupinelakes|Lupine,81400,1900000,376200,781,811
jauncydev|jonny devaney,1500000,1100000,172000,1300,4600
ivoryowl|Makayla,1100000,1400000,238000,1800,1500
joshrichards|Josh Richards,25600000,2200000,297800,991,691
haga7_dayo|HAGA SEVEN/ No Warüïä,1700000,2800000,120900,914,2300
itsmenicksmithy2|Nick Smithyman üòé,9800000,1600000,217000,1900,1400
so_andreyy|So_Andrey,541100,2200000,111800,537,4000
la.maraaa|LA MARA,6100000,959700,213900,5100,277
paulorgds|pauloüåª,375900,1400000,224900,1300,2200
murphslife|Aaron Murphy,4700000,1500000,173400,1400,2800
okthatscreepy|OkThat‚ÄôsCreepy,366800,3100000,144300,1200,1300
dylanpage.ning|Dylan Page,2500000,1200000,196900,2800,1900
fabiola.baglieri|ùêπùëéùëèùëñùëúùëôùëé,11600000,2400000,288700,1300,294
tnt_500|‡∏ó‡∏≤‡∏à‡∏¥‡∏°‡∏≤‡∏ô‡∏∞ ‡πÄ‡∏£‡∏µ‡∏¢‡∏ß,24100,1700000,236500,1200,1600
rawanfahmii|rawan,3400000,1800000,189700,1700,1500
bigcheese8581|Matt ‚ÄúBig Cheese‚Äù,7600,1300000,187300,581,4000
demin02_|–ù–∏–∫–∏—Ç–∞,1000000,1400000,223400,1900,1600
charlyokei|Charlyy,3700000,2400000,300100,914,583
pollyjaewebster|Polly-Jae,158400,1600000,188800,2200,1400
leventgeiger|Levent Geiger,3100000,1200000,165500,2600,2900
floofnoodles|Floofnoodles,17000000,1300000,154000,1800,3800
stwartabdala|‚Ä¢  R A T O N C I T O üßÄüêÅ,538800,932600,79200,905,13600
com.yuta0305|„Äê„Ç≥„É†„Éâ„ÉÉ„Éà„Äë„ÇÜ„ÅÜ„Åü,1000000,949100,179700,4300,2000
kxmzzzy|kxmz,370100,2000000,218300,999,1400
faulox_|faulox,6800000,1700000,172400,2700,1000
yourrkayesss|kayess,4800000,1100000,169000,3200,2800
oliviaalpert|Olivia Alpert,52700,2600000,139100,1900,996
brodywellmaker|Brody Wellmaker,20300000,1800000,229800,1300,1300
ranierao|rani,18100,929900,251600,2600,1900
antrobo10|Anthony,545000,850400,128100,2300,7200
therealmaneskin|M√•neskin,5400000,1100000,214000,2900,1500
gustavomeloof|Gustavo Melo,4600000,1200000,86800,1300,8600
samsamne0|Sam Samm,709400,2100000,187700,1800,893
bassant33|üî•bassantOfficialüî•,4500000,2700000,162200,1600,793
aichangemoy_|YT : AiChan TV,6600000,1700000,191200,2500,680
jaytorresss|Jay Torres,3800000,1800000,242700,844,1600
xvusex|T,21100,951600,199100,1300,4100
sibenitoo|SiBenitoo,4700000,2200000,140000,1700,1700
jumpersjump|Jumpers Jump Podcast,6400000,2100000,220100,1700,486
williesalim|WILLIE SALIM,8300000,1900000,148200,2900,713
itsari.aleise|Arianna Hailey,11800000,1700000,322800,1600,359
arilbjn|Mochamad,51300,1300000,221900,955,2700
camxnie|Cam & Nie,3200000,1400000,173900,544,3700
cristobalsoria|Crist√≥bal Soria,572000,1200000,120200,4400,2700
japeth023|japeth023,557900,1500000,194200,1600,1900
venao2323|YANFRY EL TIERNOüôà,4200000,1500000,166600,1000,3000
kuki_yt|Kuki_youtube,1800000,1500000,315700,1300,774
ozikoy|KOY,6900000,2200000,186400,1200,1300
swaghoe666|Tik Toker,1400000,2100000,306500,1100,501
robsonabreu|Robson Abreu,3200000,1400000,82000,8300,470
juliagisella|Julia Gisella,10200000,784400,186900,3100,3700
andreslleal|Andr√©s Leal,2800000,1700000,91600,3700,2900
gabryellurlan|Gabryell Urlan,6800000,1400000,221900,1200,2100
kagramanana|kagramana,6200000,1200000,184100,1000,3500
yizaroff|YIZARO,4000000,1400000,225100,2600,611
adamw|Adam W,15700000,1800000,179500,1100,1900
xoteam|XO Team,32100000,2100000,222900,1600,481
saydenseay|Sayden,3300000,938900,257300,1600,2500
justthenobodys|JustTheNobodys,7100000,1400000,175800,2200,1800
snerixx|Sam Erix,8000000,1900000,369200,1000,361
valenrewah|Valent,7500000,2400000,272600,929,605
cheekyboyos|the cheeky boyos,10900000,1800000,252800,1300,867
cokodive|cokodive,188500,871100,172500,2800,3700
_tusya_kiskis|_Tusya_kiskis,6700000,1400000,161200,1500,2800
danaandthewolf|danaandthewolf,187300,2500000,252500,824,712
pakoyaso_|Pakoyaso,9500000,1800000,216100,1200,1400
zhenyalavrik|–ü–µ—Ä–µ–µ–∑–¥ –≤ –¢—É—Ä—Ü–∏—é üáπüá∑,364500,3200000,69400,1800,2600
teukuryantr|teukuryantr,3100000,1700000,236800,1300,1100
jamescharles|James Charles,36100000,1700000,191600,2200,752
zhenyalavrik|–ü–µ—Ä–µ–µ–∑–¥ –≤ –¢—É—Ä—Ü–∏—é üáπüá∑,364500,3200000,69400,1800,2600
teukuryantr|teukuryantr,3100000,1700000,236800,1300,1100
jamescharles|James Charles,36100000,1700000,191600,2200,752
cardncyn|Carddd,1500000,2500000,271100,791,623
mariahandbill|Mariah and Bill ·É¶,13900000,2700000,217800,1200,462
jamal.jamael|Karim Jamal,2600000,1400000,203400,2400,991
nastasyashinee|üáÆüá© BAGUS ISTRI üáÆüá©,4900000,2500000,154500,1600,880
riska_nurwidia|Riska Nur Widia,2600000,2500000,276800,623,755
ermo1enko|üñ§–¢–í–û–Ø –í–ï–ß–ï–†–ò–ù–ö–êüñ§,1700000,1700000,326300,870,849
mackenzieziegler|Mackenzie Ziegler,22100000,2100000,325500,1000,380
yarenalaca|Yaren Alaca,5400000,1600000,119200,4600,513
gabrielvalland|Gabriel Valland,958200,1100000,257900,1700,1700
judiitharias|Judith & √Ångel üôãüèª‚Äç‚ôÄÔ∏èüôãüèΩ‚Äç‚ôÇÔ∏è,15700000,3100000,302000,763,249
adamrayokay|ADAMRAY,6800000,1900000,217600,1700,629
ethob0t|Ethobot,534200,2400000,203100,1300,668
soylapizito|lapizito,13300000,2100000,277200,1200,442
fadeewa_makeup|–§–∞–¥–µ–µ–≤–∞ü¶û,760200,1300000,113200,1700,4600
rosssmith|Ross Smith,21800000,1400000,263300,814,1700
bentleybuilds|Bentley Bastian,72000,3100000,77600,826,3100
edwinmendozza|ùñäùñâùñúùñéùñì,14200000,1800000,393600,1000,349
cocielo|J√∫lio Cocielo,4300000,1300000,204600,1500,2000
riqqo_|Riqqo_,66000,2900000,170300,1500,361
lgndfrvr|LGNDFRVR,15800000,1900000,241300,670,1300
jajad5|jajad5,630800,982400,263800,2100,1500
cocinaconcoqui|cocinaconcoqui,2000000,1400000,278300,628,1700
rucenuenda1|Ruce Nuenda,1100000,1600000,280900,1500,589
thaotaotau|Ph∆∞∆°ng Th·∫£o,5100000,2500000,267900,1200,237
brycehall|Bryce Hall,21300000,2400000,283200,901,476
just_dt|Dt,8900000,1100000,198600,1800,2500
seleterr|seleterr,27100,1500000,180500,807,2500
teamsport_philipp|Teamsport_Philipp,23200,957200,140400,2100,4600
arananadam38|Okan Ta≈üdemir,175100,2000000,60000,967,6600
mngnzls|MONA,13000000,2600000,191100,1500,310
niico_pr|–º–∏—à–∞,1100000,1400000,197700,1900,1300
keemokazi|KEEMOKAZI,26000000,2100000,256000,1400,293
vivi|Vivi,10300000,1700000,224700,2000,412
german_crusader|Stardust Crusader,99000,902500,149000,1600,5100
whitehernandez|Blanca Hern√°ndez,112600,1400000,229700,1400,1400
shyazryne|aEiOu,86200,2900000,316000,595,373
rozhkova.olesya|Roozhkova,850000,1500000,197200,964,2100
mosqvin_|–¢–∞ —Å–∞–º–∞—è —É—á–∏–ª–∫–∞‚ù§Ô∏èüî•,2600000,1900000,348500,714,637
sepultacion|mari,6400000,1300000,301400,1900,404
kaansanity|aakaanksh,4900000,1100000,86400,569,8800
dizzlipin|diZzLipin,909600,1900000,79900,5500,356
aldomirandar|üòÇ Aldo Miranda üòÇ,8400000,1300000,212700,605,2700
nicolebernaal|nicolebernaal,4000000,2200000,351300,957,195
bellaretamosa|bella,5100000,2500000,340400,901,145
tunico80|üå†Antonio Tononüå†,5800000,1000000,206800,2000,2100
armon.warren|Armoney,1200000,1900000,300800,904,630
soanhvadiephihi|Soanh x Di·ªáp üíé,1600000,2600000,273200,720,530
