S.no,Tiktoker name,Subscribers,Views avg.,Likes avg.,Comments avg.,Shares avg.
1,jypestraykids,6400000,2300000,50200,34200,6400000
2,khaby.lame,17300000,2300000,15200,8700,17300000
3,scarlettsspam2,17900000,845800,53900,6300,17900000
4,addisonre,22000000,906600,7600,26200,22000000
5,belindatok,14200000,1500000,14500,15300,14200000
6,onwardwanna,12000000,2000000,20400,4200,12000000
7,therock,13100000,1500000,14300,11900,13100000
8,bizarrap,16200000,2700000,4200,6900,16200000
9,landonbarkerr,11700000,1200000,19100,15200,11700000
10,mrbeast,13000000,1700000,17200,2100,13000000
11,charlidamelio,15200000,959400,20800,4600,15200000
12,amauryguichon,11400000,1500000,7200,11800,11400000
13,jetbentlee,12400000,2200000,3600,6600,12400000
14,kervo.dolo,5700000,1300000,7900,27600,5700000
15,ttdramanews,6100000,1100000,16600,17700,6100000
16,mishayoung,10800000,680000,5700,22500,10800000
17,domelipa,10400000,1500000,9100,3500,10400000
18,kyliejenner,12300000,1900000,5500,2600,12300000
19,enhypen,4300000,1100000,24800,14300,4300000
20,kimberly.loaiza,8800000,1200000,12100,4300,8800000
21,ramonvitor,9300000,1900000,7300,2400,9300000
22,txt.bighitent,3800000,1100000,27400,9500,3800000
23,emraynea,5100000,1400000,6600,13500,5100000
24,bp_tiktok,4500000,839600,13900,22200,4500000
25,mtarek.official3,4700000,864200,21900,8000,4700000
26,zeth,8500000,1700000,2200,6200,8500000
27,kurtsworld,4900000,685900,30100,3300,4900000
28,joshtgodfrey,6400000,587600,12800,16300,6400000
29,justinflom,12900000,789200,4500,6200,12900000
30,williesalim,8100000,589200,17400,5400,8100000
31,rosalia,14200000,1200000,3300,2600,14200000
32,birovr,6400000,760900,6100,14300,6400000
33,kiet.ac.quy,5200000,842200,12300,8500,5200000
34,threedotcorey,6300000,1400000,2900,7100,6300000
35,iamferv,6600000,962300,10000,3900,6600000
36,winnermaxyt,13800000,1000000,1800,4500,13800000
37,devankey,6900000,976200,8600,3700,6900000
38,yunggravy,9500000,1400000,3500,2700,9500000
39,siscakohl,9200000,1100000,6200,1800,9200000
40,lexibrookerivera,7500000,992500,8500,1800,7500000
41,leith1423,7900000,1300000,3800,3200,7900000
42,imeyhou,9000000,799500,8000,1600,9000000
43,b.blek,8000000,616700,6400,7400,8000000
44,mc.pedrinhoofc,8200000,1200000,5000,2000,8200000
45,jennmelon,5500000,1400000,3800,4900,5500000
46,nilered,6000000,1000000,4400,6300,6000000
47,zhangxi_acupuntura,7000000,378500,1500,22500,7000000
48,pongamoslo_a_prueba,9300000,1600000,2300,2000,9300000
49,itsmacdoogle,3900000,685900,10100,13000,3900000
50,jesusnalgas,5000000,970100,6000,6000,5000000
51,notemmamarie,4400000,775200,9100,6700,4400000
52,daniel.labelle,5200000,816800,3800,8400,5200000
53,conangray,3900000,1100000,7000,4900,3900000
54,spencer_serafica,5200000,924300,5900,4000,5200000
55,musikyotogsj,4300000,192000,1800,55900,4300000
56,ryanbakery,5400000,548200,7800,7700,5400000
57,soyminisech,6500000,603400,2000,9500,6500000
58,katya.ross,2800000,665300,5700,18100,2800000
59,vinnyguadagnino,5100000,629300,5900,7200,5100000
60,lelepons,12200000,1000000,1500,1700,12200000
61,mattsturniolo,3200000,812000,10900,4600,3200000
62,rayssabuq,4300000,775300,7900,4100,4300000
63,charl1d4meli0,5400000,804000,6900,1700,5400000
64,pkllipe,4800000,893300,3000,5600,4800000
65,selenagomez,5200000,804900,4200,4500,5200000
66,_.the.meme.hub._,3800000,787700,2900,9000,3800000
67,lexibrookerivera,7600000,870600,3100,1800,7600000
68,bhadbhabie,5100000,899500,3000,4000,5100000
69,acpitos,5700000,858800,3500,3100,5700000
70,sofiacarson,5700000,903500,3200,2900,5700000
71,youngswagonoriginal,5100000,752500,1400,6700,5100000
72,montpantoja,6800000,1000000,2500,1900,6800000
73,azzyland,5300000,774200,7000,462,5300000
74,soysuco,5400000,570500,8700,1100,5400000
75,bellapoarch,7400000,677300,4900,1100,7400000
76,max7424453118,3500000,572600,5200,9500,3500000
77,jordanemel,4400000,436100,3000,12200,4400000
78,hannahstocking,7800000,840800,1600,2500,7800000
79,_xochitl.gomez,7000000,1300000,26,2900,7000000
80,rubentuestaok,5500000,802300,1600,4400,5500000
81,charrliiieeee,12000000,470200,1700,2900,12000000
82,kallmekris,5400000,936600,3400,1500,5400000
83,dereklipp_,3100000,440500,2500,15700,3100000
84,jaxwritessongs,4100000,683500,5400,3200,4100000
85,calfreezy,6500000,869100,1700,2400,6500000
86,loveofhuns,3500000,382400,8300,8900,3500000
87,lizzza,4900000,802800,2200,3600,4900000
88,victormelo,4500000,736700,2500,4200,4500000
89,wisdm8,4600000,874400,3500,2000,4600000
90,qpark,5000000,415300,3900,6600,5000000
91,_lilg4,4400000,521900,5500,4000,4400000
92,dylanmulvaney,3800000,730800,6600,1200,3800000
93,hafizmahamad,3000000,325100,14400,7500,3000000
94,oficialmarcuseni,2200000,198600,1300,46000,2200000
95,hola.margo,6700000,868100,2400,1200,6700000
96,dhar.mann,4200000,528100,6900,2400,4200000
97,mementoe,3400000,588500,4400,5800,3400000
98,kaelimaee,5500000,733800,1500,3500,5500000
99,paralympics,5400000,467800,1800,6300,5400000
100,ynchq,4900000,660100,2700,3500,4900000
101,connordewolfe,3000000,628400,1600,9000,3000000
102,awildani13,3700000,498400,5900,4400,3700000
103,paansih16,2900000,230500,1200,27700,2900000
104,otoha_danso,3400000,268000,9500,11200,3400000
105,ivanlomelitv,2400000,188100,1200,39600,2400000
106,davidguetta,4400000,419900,4100,5900,4400000
107,quynh.aka,4700000,333200,4400,7300,4700000
108,gianlucavacchi,7700000,477100,2000,2800,7700000
109,ashhasacamera,3400000,854700,4100,2000,3400000
110,abdelrhman_boda1,8100000,337400,1300,5100,8100000
111,garett__nolan,4200000,337100,2400,10000,4200000
112,sturniolo.triplets,2800000,654200,7600,2000,2800000
113,juliano,6800000,625200,3000,1000,6800000
114,jwaltonnn,1600000,350900,27000,2500,1600000
115,zodiac.boyfriend,2700000,444700,5200,8500,2700000
116,litkillah,3200000,428300,1300,10600,3200000
117,stickyboy69,1900000,478800,14600,3800,1900000
118,shxtsngigs,3600000,603100,1900,5600,3600000
119,faeleamendoim,5500000,321600,1300,7900,5500000
120,thallyssonsb,3000000,450100,3800,8100,3000000
121,saramohannad_,4500000,364900,6300,3100,4500000
122,miakhalifa,5400000,610300,2500,2200,5400000
123,qamar_altaey,3000000,298100,7000,9900,3000000
124,sofyank96,4500000,565100,2500,3400,4500000
125,kooovryt,2900000,516200,4000,6000,2900000
126,leesiyoung38,3500000,658800,3800,2800,3500000
127,jdpantoja,4600000,751900,3500,799,4600000
128,billlnai,3400000,934200,2600,1900,3400000
129,itssassagurl,3500000,565300,3100,4100,3500000
130,bargain.bethany,2200000,208700,1800,28300,2200000
131,terryreloaded,2300000,508700,2700,8700,2300000
132,gordonramsayofficial,6400000,488100,2200,2100,6400000
133,larissagloor,3100000,756800,3900,1800,3100000
134,rah_money1,3200000,426300,3100,6300,3200000
135,aymanehamedi,3400000,298500,2800,9800,3400000
136,luvadepedreiro,4200000,571700,3700,1700,4200000
137,brookemonk_,5900000,678900,1900,1400,5900000
138,parnishacook,3200000,183700,352,21300,3200000
139,yzn47,7000000,249200,1200,6100,7000000
140,pimrypie__tiktok,7700000,466300,2300,1200,7700000
141,alanthedude,3700000,636000,3500,1800,3700000
142,daviddobrik,4400000,440600,1700,4600,4400000
143,montanablack,3400000,447500,3500,4400,3400000
144,vhackerr,3300000,487100,4600,2700,3300000
145,cellat36,5400000,307500,5200,1900,5400000
146,thebenjishow,3300000,643800,2200,3200,3300000
147,seventeen17_official,1900000,595100,5300,4900,1900000
148,thenataliahms,3500000,259600,928,11800,3500000
149,loganpaul,4800000,976900,1400,1000,4800000
150,andyarthursmith,3300000,564700,3300,2800,3300000
151,loganpaul,4800000,976900,1400,1000,4800000
152,andyarthursmith,3300000,564700,3300,2800,3300000
153,cauwave,2600000,396600,2700,8200,2600000
154,nicollefigueroaa,5500000,766100,1800,882,5500000
155,brookemonk_,5700000,620800,1800,1300,5700000
156,oldtimehawkey,2900000,445500,4600,4000,2900000
157,mix_151,4800000,481900,3200,1400,4800000
158,mmmjoemele,5700000,848400,1200,1000,5700000
159,lordtrunks,4200000,386900,3000,3600,4200000
160,paytonking,2600000,325000,4800,7600,2600000
161,squatch.and.sons_customs,7700000,471300,1600,1200,7700000
162,incorrectlyroce,3900000,678600,2200,1700,3900000
163,lifeofclare,3100000,724400,1200,3400,3100000
164,patrickbarnes,2200000,417200,3900,7300,2200000
165,the.historical,2900000,346200,4800,5100,2900000
166,blamerobertjames,3500000,347200,4400,3900,3500000
167,pollerocho,3500000,567200,841,4200,3500000
168,ferchugimenez,4500000,825600,1500,1100,4500000
169,jaykindafunny8,4800000,612400,1300,2000,4800000
170,kulinaria.recetas,3400000,408900,443,6400,3400000
171,cocielo,2300000,675900,2000,4100,2300000
172,darylsabara,3600000,628500,1900,2100,3600000
173,livefromthepark,2200000,130200,1000,30600,2200000
174,saraisthreads,2300000,462700,2600,6100,2300000
175,fhd.artz,4500000,288800,5400,1400,4500000
176,ig_alongwiranda,3200000,129400,1200,20000,3200000
177,initiaraandini,3800000,419600,2600,3000,3800000
178,ndshvv,3800000,552400,3400,764,3800000
179,maiaknight,4700000,720500,1600,960,4700000
180,homm9k,3800000,489800,3600,1100,3800000
181,dobretwins,4800000,453100,2800,1100,4800000
182,jacksepticeye,2300000,559800,3800,2700,2300000
183,franckfs,4900000,330900,1000,4100,4900000
184,iamdtg,2200000,251900,2200,12900,2200000
185,jihansalsabila44,2700000,366400,3600,4500,2700000
186,brentrivera,4900000,574400,2000,813,4900000
187,rayandmadalyn,3600000,496100,1800,2600,3600000
188,nessaabarrett,4000000,420500,2700,2000,4000000
189,leanadeeb,3900000,573500,1300,2100,3900000
190,just.hamilton,2300000,371100,1900,7000,2300000
191,wilmah10,2900000,208200,2700,9900,2900000
192,official_kep1er,2700000,518500,3600,1700,2700000
193,loicsuberville,2400000,458100,1600,5200,2400000
194,lana_mohd89,4100000,293400,3700,2600,4100000
195,bigtugg,2000000,444000,3100,5300,2000000
196,jvke,3700000,582200,2100,1300,3700000
197,bayashi.tiktok,4400000,492000,2600,786,4400000
198,bilalahy,2200000,492000,1900,4700,2200000
199,spicyycam_,4200000,414100,2800,1300,4200000
200,duythamchannel,5000000,492500,2200,708,5000000
201,fedevigevani,4000000,457200,2700,1100,4000000
202,korectiion,3000000,376800,4300,1700,3000000
203,theovon,3100000,320800,1100,5600,3100000
204,dafnnejm,3700000,667900,1400,1300,3700000
205,boomershroomer,4100000,286400,2400,3200,4100000
206,abir.sag,4300000,302800,2800,2300,4300000
207,iamprisleeciyi,2300000,522900,1200,4200,2300000
208,mikaylahau,3600000,313500,4600,1100,3600000
209,ranboolive,1800000,414800,7000,1600,1800000
210,fadiljaidi,3500000,390700,2900,1800,3500000
211,diiegospyckerzs,2800000,154500,3000,11800,2800000
212,sonyakisa8,3500000,287700,1000,5300,3500000
213,dbl_n,3600000,392900,2400,2100,3600000
214,gavincasalegno,2200000,394700,5300,1900,2200000
215,gordeewa__13,5400000,293700,3200,722,5400000
216,guide_smis,13100000,299200,435,1200,13100000
217,lucasmonteirosg,3800000,469400,1800,1700,3800000
218,dasigantung,4600000,648500,842,1300,4600000
219,vanessalopesr,3400000,327800,3600,1900,3400000
220,alexitoxedits,1600000,467100,3900,4400,1600000
221,bretmanrock,2900000,599900,2000,1400,2900000
222,brodywellmaker,3000000,430300,3600,1000,3000000
223,jamescharles,4200000,356400,2900,1100,4200000
224,pablitocastilloo,2000000,234700,1800,10800,2000000
225,jindaouis,3400000,492200,1600,1900,3400000
226,readyfredi,1600000,364000,3800,6600,1600000
227,ive.official,2400000,355600,4100,2700,2400000
228,hannahbahng,1700000,479400,5800,1300,1700000
229,realnikocadoavocado,3400000,131000,6900,6000,3400000
230,_andrewcurtiss,2000000,341900,5500,2900,2000000
231,datvilla94,2700000,192000,8600,2600,2700000
232,santiperezvivas,2500000,418300,1800,3800,2500000
233,sucss.s,3200000,539900,2500,755,3200000
234,thalita_karter,3400000,200200,1200,6900,3400000
235,davidcstt_,3500000,480500,1900,1400,3500000
236,strangehumano,3800000,400800,2400,1100,3800000
237,gregisms,1400000,235800,4300,12300,1400000
238,matheuscllaus,2700000,340100,2300,3700,2700000
239,halinhofficial,4100000,346500,2400,1400,4100000
240,kaan.etm,1600000,411500,3400,4700,1600000
241,nicocaponecomedy,4600000,317300,1400,2300,4600000
242,aitch12,3500000,351400,2100,2300,3500000
243,kirbyquimado,2100000,274900,1500,7600,2100000
244,brycehall,4800000,497800,1500,711,4800000
245,straange_56guuuuy,1500000,276600,2200,10800,1500000
246,emillyvickof,5400000,444800,1400,799,5400000
247,datdo0803,3700000,368200,2600,1100,3700000
248,darianrojasc,3300000,542400,2400,440,3300000
249,nicolassturniolo,2500000,412100,4400,582,2500000
250,ricardogaeta_,2100000,232000,4900,5300,2100000
251,giovannibonaccinii_,2200000,317600,3000,4100,2200000
252,girlsgeneration.official,2700000,355200,2900,2400,2700000
253,eupereiraoficial,3600000,395700,1300,2100,3600000
254,sabrinacarpenter,3200000,346500,3300,1200,3200000
255,leymarbrown,2000000,251500,2600,7100,2000000
256,ferxxo444,3100000,381700,1500,2600,3100000
257,itsqcp,3900000,529100,1400,948,3900000
258,tooturnttony,3700000,355500,2600,1100,3700000
259,theodortytb,2600000,563300,2500,773,2600000
260,drewafualo,2000000,322100,6500,977,2000000
261,xoang_xa,2100000,475000,2900,1800,2100000
262,runabyte,2100000,573200,1800,2200,2100000
263,notshanebennett,2600000,589400,1200,1900,2600000
264,shadisrour,3200000,196400,2300,5200,3200000
265,ninonrambaud,4100000,441500,1500,1100,4100000
266,kyleechoi,1800000,483500,3000,2300,1800000
267,eljuandiduque,1800000,171300,1500,13400,1800000
268,minami.0819,2000000,187100,9700,2400,2000000
269,raredoodle,3200000,370100,2400,1500,3200000
270,benyaparimm,3600000,186100,1500,5200,3600000
271,thehypehouse,3200000,441700,2700,523,3200000
272,livvy,3100000,397900,2300,1400,3100000
273,choega,2100000,348200,4100,2000,2100000
274,cerenyaldz,4400000,184100,4800,712,4400000
275,miichaelltran,2500000,442700,2300,1800,2500000
276,dunkmvp,3500000,405700,1400,1800,3500000
277,jimena.jimenezr,3300000,521100,959,1600,3300000
278,tangozilla,2200000,467500,1300,3000,2200000
279,melfouad,2400000,209400,2100,6600,2400000
280,t22felton,2800000,303500,3100,2000,2800000
281,bu_kre_sabi,5100000,255200,659,2600,5100000
282,lucasvarelaaaa,2000000,282000,810,6700,2000000
283,mndiaye_97,2200000,443700,2500,1900,2200000
284,jessechrisss,8900000,471000,775,223,8900000
285,n.vv3,2900000,149600,2300,7400,2900000
286,tammyhembrow,3800000,429500,1300,1300,3800000
287,jackjos3ph,2100000,323100,2500,3800,2100000
288,paulo_victormelo2,4700000,447900,815,1200,4700000
289,phatnail,3300000,333900,3200,583,3300000
290,straykids_japan,1000000,344900,7600,3900,1000000
291,fwm.kalebb,2000000,306400,4500,2300,2000000
292,cookiepuentee,1400000,336800,1800,6600,1400000
293,andy.and.michelle,2600000,336300,1400,3400,2600000
294,elpelaromerook,1400000,161500,696,17200,1400000
295,leaelui,3900000,596400,654,1100,3900000
296,zeinabharake,3500000,492100,1700,673,3500000
297,augustogimenez,4100000,608800,1000,605,4100000
298,thefashioncouple,3100000,189000,6600,303,3100000
299,ria_d3miri,2300000,270900,4900,1500,2300000
300,brittikitty,3100000,433300,1200,1700,3100000
301,mieayamthebstt,3500000,275500,2500,1500,3500000
302,cryingben,2000000,442000,3700,764,2000000
303,keniaos,2000000,341800,4100,1500,2000000
304,okunonolife,3000000,318200,1000,2900,3000000
305,camxnie,1900000,323600,1000,5300,1900000
306,loewhaley,2500000,211200,1000,6100,2500000
307,vicblends,2700000,523900,1800,836,2700000
308,meganfitton6,2000000,315300,1600,4400,2000000
309,renpc_,1600000,339300,1600,5300,1600000
310,christophersturniolo,1600000,361200,5000,1300,1600000
311,snoopdogg,3700000,168100,2700,3300,3700000
312,mdmotivator,3000000,424900,1800,1000,3000000
313,naimdarrechi,2300000,228400,1100,6000,2300000
314,iamsungstarwin,4700000,651900,653,532,4700000
315,kopke613,1600000,222100,3300,6900,1600000
316,esen_alva,1600000,328200,1100,5800,1600000
317,grillervm,2500000,371200,1300,2600,2500000
318,jerellware,2200000,433900,1500,2300,2200000
319,jimmydarts,2600000,506000,2100,643,2600000
320,vienvibi_899,4000000,375800,2000,394,4000000
321,noguidnce,2200000,430600,2100,1800,2200000
322,lachama4_ff,2700000,363000,3400,318,2700000
323,sonrixs_,4000000,534400,1000,642,4000000
324,vincentgiganteee,2100000,300900,1600,3900,2100000
325,jerofreixas,1900000,184900,1400,8700,1900000
326,madamsoniia,6400000,474600,635,509,6400000
327,cznburak,4600000,228400,2300,978,4600000
328,la.maraaa,2900000,376900,2200,904,2900000
329,louvoresgospelbr,1900000,221300,1100,6900,1900000
330,rucenuenda1,3300000,490600,1500,554,3300000
331,nourmar5,1800000,136900,4800,8800,1800000
332,bebopandbebe,3300000,127200,7600,354,3300000
333,daniimolalaa,2400000,586500,998,1300,2400000
334,jaimeonod,2000000,296100,3800,1800,2000000
335,starirawan,1800000,177300,8600,1800,1800000
336,patriotickenny,2100000,292900,2000,3300,2100000
337,xxlechuga,2200000,476100,1200,1900,2200000
338,manhtienkhoi_,3000000,276400,2600,1300,3000000
339,itsjojosiwa,4200000,422000,1400,399,4200000
340,ajkhiphop,4600000,670600,686,355,4600000
341,ustazebitlew,1900000,156300,6300,4400,1900000
342,cedricgrolet,3300000,251800,1100,2700,3300000
343,danythegaggio,2000000,217200,2300,5200,2000000
344,dylanpage.ning,1600000,239400,5400,3000,1600000
345,mastermind_ph,2600000,273000,2100,2300,2600000
346,maluborgesm,1900000,280400,4800,1000,1900000
347,vito.video,2200000,340000,2000,2200,2200000
348,frnzlynfby,1900000,361000,2600,2000,1900000
349,carolvillanes,2000000,294700,4800,467,2000000
350,mariabecerra_22,2700000,388300,2200,712,2700000
351,onerepublic,2800000,323000,955,2500,2800000
352,ngikuttrendaja,3700000,304500,1500,1200,3700000
353,flickerspark_,2100000,516800,1400,1500,2100000
354,cvsthetico,2300000,313100,2500,1800,2300000
355,yahia_x,4000000,189900,1000,3100,4000000
356,jennialarcon_,2000000,348400,2500,1900,2000000
357,airiiqtieeee,1800000,321300,2700,2600,1800000
358,officialsunnydaze,3100000,495300,844,1200,3100000
359,los_chicaneros,1900000,218200,1200,6100,1900000
360,videoschapin,2900000,78800,2700,10600,2900000
361,wuesilva,4100000,283400,1200,1400,4100000
362,ladygaga,1900000,247500,4400,2000,1900000
363,cx_.q,3100000,254000,2300,1500,3100000
364,mitsy270,1900000,338300,2700,2100,1900000
365,ayesebastien,2000000,396500,2100,1800,2000000
366,karljacobs,1900000,486500,2600,563,1900000
367,liltjay,1900000,291900,3900,1400,1900000
368,irenehsuu,1400000,401700,1300,3900,1400000
369,doctormiguelpadilla,2100000,321700,1700,2600,2100000
370,jacobday,1800000,296600,4400,1000,1800000
371,louflores_,2200000,237100,842,4700,2200000
372,pakoyaso_,3200000,282600,1200,2000,3200000
373,ella.tchella,1600000,381600,1500,3400,1600000
374,nashvibes,4400000,365500,1300,493,4400000
375,jamesdroz566,1900000,155400,2200,7400,1900000
376,egyptianbeaman,2200000,80500,1700,14200,2200000
377,mattiastanga,1500000,213400,1400,7400,1500000
378,gorillaz,1800000,340900,2800,1700,1800000
379,lonely.moods,815500,214000,5400,10600,815500
380,rayanfahmi,2900000,235900,2800,1200,2900000
381,melmaia,3500000,473900,988,662,3500000
382,vietduongg_,1200000,129700,12700,4800,1200000
383,leen_mohd98,2900000,190100,2700,2300,2900000
384,jubiandxian,2500000,396200,1800,934,2500000
385,adrianbliss,2300000,413300,1100,1700,2300000
386,dxddy._.desi,1900000,250800,4900,764,1900000
387,frankielapenna,2700000,295200,1400,2000,2700000
388,xxxten1369,2800000,335100,1000,1800,2800000
389,softbulletgun97,2300000,188300,2200,4100,2300000
390,katiessigmond,2900000,340000,1100,1600,2900000
391,nnatalieaguilar,3400000,558800,568,825,3400000
392,elchimbatv,3000000,285200,773,2400,3000000
393,deiveleonardooficial,1300000,139300,370,14200,1300000
394,vitoou,1000000,179300,3300,10900,1000000
395,twice_tiktok_official,1300000,325500,3700,2500,1300000
396,christilukasiak0,2300000,369300,1800,1200,2300000
397,katiavlogss,3400000,274400,2600,294,3400000
398,nhu_y1203,2600000,239800,4000,205,2600000
399,jidion,1900000,412500,2000,1300,1900000
400,lifeofsal,2400000,166200,1200,5400,2400000
401,nikkietutorials,3200000,498000,1100,538,3200000
402,ivanovik.83,2300000,91500,1100,11100,2300000
403,erictro,5600000,547400,507,330,5600000
404,virginiafonseca,3000000,410900,1200,961,3000000
405,paigetaylor.s,2600000,393300,1900,546,2600000
406,thecoreyb,1500000,194200,755,8300,1500000
407,carolcastromx,3400000,450000,1300,379,3400000
408,ianlucasok,2400000,262900,3300,830,2400000
409,voronina_valeria_,3700000,460400,1100,334,3700000
410,pacodemiguel,1500000,229600,1900,5400,1500000
411,joshrichards,2700000,354000,1900,737,2700000
412,surasak1437,1800000,188500,463,7000,1800000
413,com.yuta0305,1700000,225600,4700,1900,1700000
414,ayutingting,2900000,239200,1500,2100,2900000
415,yahayraosorio,2200000,67700,1100,15700,2200000
416,tina_042,1800000,314000,2000,2400,1800000
417,abosaed49,2100000,169400,3100,3900,2100000
418,theestallion,2100000,277200,2300,2000,2100000
419,musdalifahbasrii,2200000,190200,3400,2600,2200000
420,haileybieber,3500000,342600,1200,845,3500000
421,dialaaljazairi,4000000,113200,3100,2400,4000000
422,chihuahuapeaches,1500000,296700,2000,3600,1500000
423,brunocampos,5400000,360600,626,619,5400000
424,isaac.h.p.karaoke.backup,1300000,265600,3200,3800,1300000
425,rafaelsantos,2500000,398200,1800,645,2500000
426,happytummy_702,2200000,396700,288,2500,2200000
427,gemelasabello2,5000000,376200,478,813,5000000
428,douhalaribiii,4100000,240400,1600,823,4100000
429,itzyofficial,1700000,314600,3000,1600,1700000
430,twinkle.t1ts,3700000,281500,2000,302,3700000
431,murphslife,1800000,279500,2800,2100,1800000
432,tai.tl2,1900000,316900,1600,2500,1900000
433,vibin.wit.tay,1500000,295900,1200,4400,1500000
434,leleburnier,1600000,387600,2900,910,1600000
435,ae_ay__99,3200000,162000,1300,3200,3200000
436,maddzak,3300000,191000,3500,227,3300000
437,nianaguerrero,3100000,358500,1500,684,3100000
438,cardncyn,3900000,541900,801,318,3900000
439,soy_marcela4,2100000,336600,710,2600,2100000
440,cr.limit,2800000,189800,2400,1900,2800000
441,logfive,2100000,313500,1200,2300,2100000
442,katie34556,2200000,149100,7100,122,2200000
443,hesfinatia,4600000,434000,772,377,4600000
444,samdabaddest,1500000,369800,836,3300,1500000
445,palmertrolls,2000000,327800,884,2700,2000000
446,benorsini,2200000,293300,2800,718,2200000
447,vzelivx,2100000,271200,2600,1300,2100000
448,cassy.legaspi,3700000,369700,1000,590,3700000
449,kwo.owk,2000000,268200,2000,2200,2000000
450,abbieherbert,3700000,400700,917,581,3700000
451,lyricoo__,1300000,165700,1700,8600,1300000
452,mateus_hwang,1900000,136800,5800,2600,1900000
453,bswagggy,1200000,294600,1300,5100,1200000
454,talalionaire,2900000,195100,2000,1800,2900000
455,bigweirdworld,1100000,304200,2000,4500,1100000
456,yurielkysojeda,2200000,277300,1300,2300,2200000
457,cemresolmaz,2000000,137000,6200,1700,2000000
458,mrwhosetheboss,3800000,447500,964,300,3800000
459,kjsmoothh,1800000,254400,2900,1800,1800000
460,juaniquilador,2000000,364900,1800,1100,2000000
461,itsmenicksmithy,2200000,305500,1700,1400,2200000
462,khalidzain124,2600000,223900,1600,2000,2600000
463,colewherld,2900000,277100,977,1600,2900000
464,000072mr,2000000,283200,1200,2400,2000000
465,ksi,2500000,178600,4400,178,2500000
466,alexojeda,2600000,272600,802,2200,2600000
467,j3ipy_,1700000,354400,2300,1100,1700000
468,louuuyoung,872900,137900,4400,12600,872900
469,arafat.buffon,4300000,246700,460,1500,4300000
470,reem_alsawas,3900000,162300,1100,2100,3900000
471,ahmedksontini2,2100000,77000,0,12600,2100000
472,mostafa.ashraf14,2800000,268000,1200,1500,2800000
473,arigameplays,2800000,320700,1400,867,2800000
474,bela,2700000,390700,936,982,2700000
475,senaitalo,2100000,198800,1500,3300,2100000
476,kozuehayashii,2600000,466200,370,1300,2600000
477,elrodcontreras,2000000,254500,3500,413,2000000
478,kwechi_,1600000,283300,1500,2800,1600000
479,5ifvi,2400000,199000,410,3700,2400000
480,druskitv,1300000,241000,1300,4900,1300000
481,dearra,2500000,458400,792,923,2500000
482,briggi_bozzo,5200000,361900,787,245,5200000
483,flavinhalouise,3200000,167700,709,2800,3200000
484,pailita.k7k,1600000,257400,2700,2100,1600000
485,itskingchris,1600000,299700,2800,1300,1600000
486,mikaylanogueira,2200000,320300,2300,411,2200000
487,rdcworld1,1000000,227600,1200,6700,1000000
488,charlieputh,2000000,324800,1900,937,2000000
489,bikedasher,2500000,398000,1500,407,2500000
490,jonata_26,1900000,319600,646,2500,1900000
491,devincaherly,4000000,444900,894,147,4000000
492,basementgang,1400000,296000,1500,2900,1400000
493,soysaucer,2000000,272800,790,2700,2000000
494,abo.zizo,3700000,225300,723,1500,3700000
495,spriteder_spd,3600000,434900,845,334,3600000
496,ugolord,1900000,186000,4900,369,1900000
497,iamkailan,2400000,219900,1300,2200,2400000
498,lorengray,3100000,358700,879,761,3100000
499,daniuniverse,3100000,322000,956,867,3100000
500,ser_jay,1400000,226200,2500,3500,1400000
501,alexwaarren,2400000,419800,992,809,2400000
502,lkzinhu,2600000,306500,998,1300,2600000
503,joaoferdnan,1700000,173500,2100,4000,1700000
504,taossenpai,1200000,219600,1400,5300,1200000
505,isaach.p,1400000,217200,3500,2300,1400000
506,maddy.leah3,2000000,196300,4300,237,2000000
507,jordanavucetic,1100000,224200,5200,2100,1100000
508,carlevellyn,2000000,349600,2000,572,2000000
509,chinguamiga,2500000,469400,1100,377,2500000
510,elpugaa,2000000,220900,341,3700,2000000
511,reymbayang,1300000,253000,2000,3400,1300000
512,tommyunold,2300000,317800,2200,172,2300000
513,adamw,2400000,266300,915,1800,2400000
514,anna..paull,2400000,424700,1300,375,2400000
515,djadelilyes,2100000,311800,1100,1600,2100000
516,kronnozomberoficial,1400000,289100,2100,2300,1400000
517,outtpig,1500000,341000,1600,1700,1500000
518,rosssmith,1500000,156100,927,6300,1500000
519,glencachysaraofficial,4500000,212300,1300,522,4500000
520,pumatheweirdo,1500000,183000,722,5500,1500000
521,twinsjne,2400000,486900,783,665,2400000
522,andcarli,6300000,212200,684,578,6300000
523,mclivinho,2200000,312200,1400,1000,2200000
524,mrmilothechonk,1500000,313600,1300,2200,1500000
525,kimmigneault,3100000,358700,539,971,3100000
526,unnecessaryinventions,2400000,377900,1400,451,2400000
527,hunterprosper,1700000,320800,1000,2100,1700000
528,bulochkapelmen,2900000,184800,1900,1200,2900000
529,louka__m,1900000,354300,1200,1400,1900000
530,folz.aa,1100000,192300,1800,6000,1100000
531,iloveyourmomscatt,1300000,159300,4900,3300,1300000
532,austinandlexi,1800000,332600,1100,1700,1800000
533,lehvideira,903600,145100,1700,10800,903600
534,nathalieholscher14,3500000,295700,936,647,3500000
535,sa_h700,2000000,201700,1600,2500,2000000
536,ayanakamachi,3000000,204200,1100,1600,3000000
537,sebasmorenooo,3300000,293700,1400,300,3300000
538,larrayeeee,2000000,351200,2000,364,2000000
539,le_general_416,4700000,214700,762,847,4700000
540,everett,1900000,441400,768,1200,1900000
541,mcsilsiloficial,1600000,123300,2500,6000,1600000
542,alezha.obukhov,2600000,309200,1100,851,2600000
543,dermdoctor,3500000,248600,1000,826,3500000
544,abbycasselberry,1800000,348300,1000,1600,1800000
545,annapep3,1700000,337100,1300,1500,1700000
546,fabru_blacutt,2200000,242900,2400,562,2200000
547,songsforlittles,2600000,187500,1600,1700,2600000
548,marktilbury,2300000,224500,620,2400,2300000
549,georainbolt,1500000,247100,2000,2300,1500000
550,navacarlosss,1700000,98800,353,8900,1700000
551,lagranjadelborrego,3000000,349900,919,581,3000000
552,morimura,1500000,315400,1500,1800,1500000
553,oliviadearlove2,3000000,175900,1600,1300,3000000
554,eltonjohn,2800000,66800,2000,6200,2800000
555,conormaynard,1700000,160400,2500,3100,1700000
556,duncanyounot,1400000,366500,1300,1700,1400000
557,jrizzyjeremy,3100000,225200,768,1400,3100000
558,ahmadmahroom99,3300000,143500,923,2300,3300000
559,avascreams,1200000,372600,2800,639,1200000
560,erijasjas,1800000,385500,685,1500,1800000
561,artistliilz_,1600000,240000,2900,973,1600000
562,willian99music,1600000,143500,188,6300,1600000
563,cauamacedo,1600000,231000,2900,1100,1600000
564,sabrenorris,1800000,186900,4100,329,1800000
565,youshi_maru,1900000,145200,1100,4400,1900000
566,mdrr05,3000000,112600,1400,2900,3000000
567,deandreee,1900000,315100,826,1600,1900000
568,werenotreallystrangers,1700000,329500,1500,1200,1700000
569,poki,2300000,234800,2100,667,2300000
570,zbor0vska,1900000,288900,1400,1300,1900000
571,7odzz,2200000,162700,1600,2500,2200000
572,roportajadam,2100000,125400,411,5100,2100000
573,nadirdearabier,2100000,185100,3000,694,2100000
574,aydenmekus,2100000,204700,2900,491,2100000
575,thegnshow,2900000,287800,421,1300,2900000
576,ladydianka,1500000,189900,3400,1600,1500000
577,skuratof,1800000,151300,793,4400,1800000
578,saray.____,1400000,85600,2700,9400,1400000
579,kieram.litchfield,1400000,190800,2600,2800,1400000
580,laurence_benson,2900000,293000,1400,240,2900000
581,mohamed.hesham.official,1500000,43700,380,21100,1500000
582,jaywheeler,1600000,249800,856,2700,1600000
583,itsmatheuscosta,1400000,205800,2000,2800,1400000
584,soanhvadiephihi,3100000,328400,864,533,3100000
585,roadrunnerpete,926400,151600,2000,8000,926400
586,danivallem,1200000,86300,963,12400,1200000
587,com.hyuga1117,1500000,165800,4700,993,1500000
588,jasonderulo,6800000,186900,887,194,6800000
589,bilalfadilii,1600000,190500,2000,2600,1600000
590,mandrake1984real,1400000,170300,891,4900,1400000
591,kerri_okie,1100000,137300,4800,4300,1100000
592,championsleague,2300000,293500,823,1200,2300000
593,luvjunior14,1600000,432800,1400,610,1600000
594,sallyalawady1,3400000,187800,1700,446,3400000
595,felipenpv,1700000,259600,1800,1300,1700000
596,neitor.exe,2000000,307800,1600,709,2000000
597,camilo,2400000,275900,567,1500,2400000
598,thelondoncharles,1700000,374900,1400,751,1700000
599,keemokazi,2800000,351900,1100,258,2800000
600,frantastiktok,2100000,458400,587,807,2100000
601,elissadeheart,2000000,292400,974,1300,2000000
602,soulzang,796600,218300,2000,5700,796600
603,sweeettails,1400000,164400,828,5000,1400000
604,kane,1800000,221800,1300,2000,1800000
605,dreamlifex0,1200000,134100,5300,2700,1200000
606,omahi.tiktok,3500000,391900,777,188,3500000
607,tsezy,2000000,253500,1900,735,2000000
608,albertinasacaca1,2600000,241700,1600,505,2600000
609,brilionaire,2200000,229400,612,2000,2200000
610,wigofellas,2600000,158900,1900,1200,2600000
611,_.anime.edits_0,1700000,75600,1500,8700,1700000
612,christianfabiannn,2200000,311900,1800,130,2200000
613,gzfoodqood,4300000,213300,412,1000,4300000
614,thephysicshouse,1800000,307700,1900,507,1800000
615,benedictpolizzi,3600000,360200,230,775,3600000
616,main_and_aseel,3000000,178100,1400,1100,3000000
617,ahmedhelmy,2600000,184400,952,1800,2600000
618,analisseworld,1900000,358600,652,1300,1900000
619,zoecolletti,1800000,209700,3000,429,1800000
620,k4554ndr4,1000000,280400,1800,2700,1000000
621,kenchanachaisit,2000000,184600,1400,2100,2000000
622,sidaivan,2300000,149900,2200,1500,2300000
623,mrcaqui,978000,264500,833,4100,978000
624,rubxnillo,3800000,279000,282,925,3800000
625,com.yamato0515,1200000,176400,4300,1700,1200000
626,brentfordfc,1900000,252300,1600,1100,1900000
627,dede_harlan_,957700,228100,1900,3800,957700
628,yurinya1128,2300000,162300,2500,787,2300000
629,hannahkelekacook,1700000,231800,2700,444,1700000
630,marilynl19,1100000,162300,4400,2500,1100000
631,dixiedamelio,2400000,220500,1900,424,2400000
632,somi_official_,1500000,329600,2000,496,1500000
633,leanbeefpatty,1800000,277700,1500,1000,1800000
634,viki_tory88,1900000,48800,208,12900,1900000
635,jakekrantz,1300000,261900,701,3000,1300000
636,momonatamada,1700000,359300,1800,279,1700000
637,bankkamo46_,1500000,204700,1100,3000,1500000
638,surthycooks,2500000,273600,1400,353,2500000
639,sofiaespanha,1900000,284800,1300,996,1900000
640,waspycraft1,2300000,188600,922,1900,2300000
641,michou_yt,2400000,266700,1500,341,2400000
642,rachsullivan__,2000000,370200,739,927,2000000
643,piperrockelle,1900000,158400,3600,543,1900000
644,elmercanchi,1900000,138200,691,3900,1900000
645,danielzencon,1200000,174300,1100,4600,1200000
646,dennysumargoreal,3500000,187200,1400,386,3500000
647,jakeandrich,2100000,164200,1600,1900,2100000
648,andreluizframbach,3600000,216200,285,1300,3600000
649,6666pd,924500,153300,422,7900,924500
650,skaijackson,2100000,441500,899,372,2100000
651,nickrowedder,1000000,264300,1700,2700,1000000
652,esneni,1400000,283100,2500,477,1400000
653,bellafoodie,2400000,313700,474,1100,2400000
654,guywithamoviecamera,1400000,329000,1100,1400,1400000
655,chocopla_osada,2300000,107900,977,3800,2300000
656,jaydafnwayda,1600000,230700,1000,2200,1600000
657,abusrwal1996,1700000,190600,2100,1400,1700000
658,luara,2700000,185900,1900,403,2700000
659,cesarpantoja.n,2200000,347100,1200,283,2200000
660,islasvlogs_,2900000,313700,842,416,2900000
661,postmalone,1900000,176000,1400,2000,1900000
662,ana_eusse,3000000,392200,825,141,3000000
663,jeromepolin98,1500000,231100,2400,924,1500000
664,good.boy.ollie,997600,250300,1400,3200,997600
665,huntersolo,2600000,399400,709,383,2600000
666,frigerrr,1300000,327900,1100,1500,1300000
667,trungruoi93,3700000,112600,639,2100,3700000
668,riyukabunga,1900000,132400,2300,2300,1900000
669,nildachiaraviglio,1500000,78900,478,9400,1500000
670,dina_kalanta,3100000,243200,1200,341,3100000
671,foodtimecali,1500000,120100,250,6000,1500000
672,magalligjimenez,2800000,136900,2300,717,2800000
673,braceletsbyk_,1700000,226100,1100,1800,1700000
674,manja_faiez,2300000,142700,1100,2300,2300000
675,firmanskd,1400000,144500,397,5100,1400000
676,joe.bartolozzi,1800000,293300,1800,379,1800000
677,itsniane,1100000,128900,2000,5900,1100000
678,melon.n.finn,1000000,213900,1900,3300,1000000
679,khairulaming,1700000,248500,1200,1400,1700000
680,dudamaryah,2000000,284600,701,1300,2000000
681,andresgjohnson,1100000,186400,935,4500,1100000
682,luongthingocha,2400000,286100,1400,226,2400000
683,gergomezzz,1100000,210300,1300,3300,1100000
684,dilanjaniyar_2,1900000,228500,1900,603,1900000
685,raulbazanm,2200000,184000,964,1800,2200000
686,tabithaswatosh,2300000,362200,1100,203,2300000
687,iniganta,1300000,160700,3300,1900,1300000
688,herranwalt,1400000,177700,2600,1800,1400000
689,kreebinnear,1800000,307100,819,1200,1800000
690,iamgeraldhuston,1500000,261400,1300,1600,1500000
691,loayramadan10,2800000,190500,760,1300,2800000
692,madisonbeer,1200000,224400,2700,1300,1200000
693,...anddy_,937100,141900,7300,792,937100
694,meqs,3100000,136000,1100,1500,3100000
695,charlotteless,2400000,226200,544,1500,2400000
696,cristobalsoria,1100000,111400,3800,4900,1100000
697,hisoyvaleria,1400000,189000,1000,3000,1400000
698,bennyvelour,786500,184400,2500,4900,786500
699,carlosferiag,2500000,203700,1900,163,2500000
700,pkcreedon,1400000,235400,1400,1800,1400000
701,loganlisle,1700000,78200,315,7800,1700000
702,sunnyjutt1296,2000000,204500,1400,1200,2000000
703,mealsbymitch,1700000,95400,951,5400,1700000
704,patinscascavel,878300,62400,295,18800,878300
705,son_dan,3700000,185100,670,841,3700000
706,zane,2000000,323800,775,863,2000000
707,didiwinx,2000000,289700,1300,575,2000000
708,rank.ali,3100000,144400,1700,630,3100000
709,farhakhalidi,2200000,202600,1400,880,2200000
710,oli_natu,2200000,305300,749,777,2200000
711,fedez,1300000,229000,1400,2000,1300000
712,wei__official,959500,229600,2800,1900,959500
713,xuxameneghel,2300000,177200,1800,716,2300000
714,jzgarcia,969200,233900,1000,3500,969200
715,blkk.1,1600000,237200,1100,1600,1600000
716,kodasteven,1500000,330100,1300,785,1500000
717,sampepper,3100000,227000,799,642,3100000
718,tifannylm,2800000,355600,816,222,2800000
719,maithana9er,2500000,96000,2700,1700,2500000
720,carrydisini,3100000,274100,518,694,3100000
721,lockedinout,1600000,210400,883,2100,1600000
722,pipepunk,951400,235200,962,3500,951400
723,rapaellcug,923100,194600,2400,3200,923100
724,michaeloftiktok,1400000,186000,1400,2500,1400000
725,mrnigelng,2100000,251200,621,1300,2100000
726,6footkillaa,1600000,257200,1800,588,1600000
727,haijoel,4000000,192200,1100,231,4000000
728,esnyrrr,1600000,289600,778,1400,1600000
729,hairupkneesdownh0e,1200000,170000,3900,946,1200000
730,morganveraa,2000000,238000,1000,1100,2000000
731,laurahfritz,1300000,254100,1100,1900,1300000
732,jdiasss_,1300000,265400,1800,1200,1300000
733,greatekyroga,1100000,320300,1900,1000,1100000
734,jomaryee,2300000,226700,1300,626,2300000
735,kikakiim,1900000,220000,1700,646,1900000
736,pepperonimuffin,2200000,433500,809,225,2200000
737,shayvise,2100000,412800,774,361,2100000
738,thejoeyswoll,1700000,240800,2200,322,1700000
739,kieuduylong16,2500000,243900,1400,220,2500000
740,sajads111,2000000,71200,1100,6000,2000000
741,bobbialthoff,2900000,207400,477,1100,2900000
742,josefineholum,1500000,221300,1400,1500,1500000
743,lyodrabeneran,2200000,172500,1400,1100,2200000
744,armando_netto,2100000,226100,1900,225,2100000
745,rachaeloneil,2000000,144000,1600,1800,2000000
746,andremastijan,1200000,111500,876,6200,1200000
747,pamibabyy,1700000,288900,679,1300,1700000
748,xawado,1700000,137500,1900,2300,1700000
749,annafontanela,2100000,313400,1200,292,2100000
750,aragonclyrics,1300000,94400,96,7700,1300000
751,jadepicon,2000000,311100,967,567,2000000
752,simpforatispaul,2100000,355100,853,423,2100000
753,legendasmania,1100000,135100,231,6200,1100000
754,philiptanasas,2200000,252900,1100,610,2200000
755,zainah.mb,1000000,208100,1100,3200,1000000
756,ffrangomez,1400000,253400,349,2300,1400000
757,sibenitoo,2500000,185700,1500,598,2500000
758,benazelart,2600000,221600,1200,452,2600000
759,lgndfrvr,1600000,200500,1100,1800,1600000
760,worldofxtra,943600,290600,1400,2000,943600
761,so.077,1800000,119100,2700,1800,1800000
762,ehgml._.16,1400000,273500,1200,1300,1400000
763,kelvinsabinoof,1000000,156800,2700,3200,1000000
764,bradley.thor,1300000,142400,1800,3200,1300000
765,anxietycouple,2400000,271000,893,526,2400000
766,alostrich,1100000,134300,1000,5100,1100000
767,goharsguide,2000000,306000,724,779,2000000
768,viliacarl,2800000,243100,881,470,2800000
769,riaricis,2300000,242700,764,878,2300000
770,k0uvr,2700000,422500,562,240,2700000
771,jorgitoparrillero,1500000,99500,333,6000,1500000
772,mell_editz0,1500000,229900,1500,1100,1500000
773,homemdehonra,944300,37700,710,25000,944300
774,claragnds,1900000,191800,1800,648,1900000
775,jakepaul,1500000,156400,2300,1600,1500000
776,albert_cancook,2400000,265200,829,624,2400000
777,soapinmymouthoncemore,943300,189600,1900,3100,943300
778,cirowhites1.0,1700000,301700,908,895,1700000
779,theshabakitchen,1300000,114100,1800,4300,1300000
780,rubiaramallho,2100000,156400,613,2100,2100000
781,bessan_esmail,2100000,160500,1400,1300,2100000
782,ypk.raye,1800000,332500,890,642,1800000
783,edlyninbatangas,2300000,175000,558,1700,2300000
784,armandogreiser,621400,112500,1300,11400,621400
785,internet.elise,926900,206500,597,4000,926900
786,ikercasillas,1600000,191800,2100,783,1600000
787,rizwanfadilah.a.s,1000000,205200,2200,2100,1000000
788,bigdaddydmurph,1900000,125100,1400,2400,1900000
789,fukada0318,2600000,164000,1300,751,2600000
790,coleandersonj,1400000,262100,1100,1200,1400000
791,moneybagyo85,4400000,216100,680,244,4400000
792,luisonfelix2,2300000,99500,1100,2800,2300000
793,davidgetial,1900000,322500,1100,291,1900000
794,jezzzini,856400,239000,1100,3200,856400
795,sherinicolee,2800000,263200,1100,103,2800000
796,fujiiian,2200000,221600,1100,681,2200000
797,anardreams,3000000,131100,1900,376,3000000
798,1_alkaisr_1,1900000,182100,690,1800,1900000
799,joslum,2300000,364900,779,252,2300000
800,erabii,2100000,132800,1400,1700,2100000
801,ycn.benz,1300000,44000,849,14800,1300000
802,conradovillagra,3200000,260400,864,167,3200000
803,haniaheheofficiall,2000000,190900,1800,432,2000000
804,julesleblanc,2200000,322500,952,270,2200000
805,real_animasinopal,2900000,277700,451,619,2900000
806,vivinovikaa,1600000,197900,1700,945,1600000
807,erikatitus,1600000,329700,1100,525,1600000
808,_amanndaraujo,3500000,172600,997,400,3500000
809,tuankiet.2000,2900000,216500,1100,268,2900000
810,madelineargy,1500000,337700,1100,581,1500000
811,melon.228,2400000,185600,1000,868,2400000
812,joelsvnny,1100000,208300,2300,1300,1100000
813,theandrewschulz,1400000,192900,613,2600,1400000
814,littlebubbychild,853500,65500,1500,13400,853500
815,jeonifty,800400,235700,1200,3200,800400
816,annaxsitar,2600000,372800,417,442,2600000
817,agustinlocutor,1600000,100000,986,4200,1600000
818,meosimmyyt,1100000,137100,4700,626,1100000
819,bryceheemjames,1400000,237600,1800,688,1400000
820,c4tluvr666,1600000,312600,934,765,1600000
821,losariasbrothers,1600000,241400,476,1600,1600000
822,stainedhands,1600000,335300,359,1200,1600000
823,romanlolo,1900000,170400,2000,579,1900000
824,slayeas,1800000,239700,837,1100,1800000
825,mo_vlogs,4900000,189600,577,300,4900000
826,volvydooya,1100000,233100,1200,2000,1100000
827,simoneberlini,1600000,259800,868,1100,1600000
828,aileenchristineee,1400000,224100,681,1900,1400000
829,funny_v.i.p,1600000,196500,476,2100,1600000
830,barbaracoura,1400000,295700,1000,922,1400000
831,nada_m7amed,1800000,190800,812,1500,1800000
832,yesimresmi1,3500000,122500,1100,765,3500000
833,hjevelyn,1100000,245900,2400,661,1100000
834,wubzzy69,911900,194800,1700,2700,911900
835,onlyjayus,1600000,237400,1600,503,1600000
836,nyx.lynnx,1600000,155500,1800,1400,1600000
837,dhddecor,1100000,141100,574,4400,1100000
838,shoelover99,1000000,169200,4200,481,1000000
839,alzoubinadia,1500000,75900,738,6200,1500000
840,emilwarren1,1200000,211300,2600,617,1200000
841,clmnsbrock,1400000,152800,532,3300,1400000
842,alxjames,896700,152800,899,4800,896700
843,tanamongeaulol,2100000,234500,1200,412,2100000
844,cassholland,1900000,287700,856,571,1900000
845,arfaytb,894100,108700,456,7600,894100
846,britneyspears,1300000,107800,3500,2300,1300000
847,h2balla,2000000,234200,1400,274,2000000
848,elalfaeljeferd,1900000,198600,639,1400,1900000
849,adamsheey,1200000,235900,845,1900,1200000
850,maxthemeatguy,2100000,273100,622,720,2100000
851,iamauroramusic,1600000,216200,1600,659,1600000
852,haritsuuu,1800000,92700,2300,2500,1800000
853,vidhia_r,1100000,151500,2900,1700,1100000
854,t_400,1500000,219300,1300,982,1500000
855,gabrielabee,1200000,239100,2200,432,1200000
856,fyp,1300000,245400,1900,535,1300000
857,dangthuhaf,2500000,300400,672,341,2500000
858,miguelito_peru,1800000,113900,1000,2800,1800000
859,mesitaaa,1600000,326800,611,886,1600000
860,munir.107,1200000,88400,371,6700,1200000
861,plethoraklaus,730300,179200,3900,1900,730300
862,alexandramadison_,971200,135000,552,5200,971200
863,playboyjuju,1700000,120100,2400,1300,1700000
864,beamngshorts,2900000,158900,1000,630,2900000
865,susymourizz,1800000,212200,1500,470,1800000
866,themerkins,600100,150900,1400,6800,600100
867,carloandsarah,2100000,219600,695,924,2100000
868,paupelaez_,1200000,257600,2100,336,1200000
869,okichloeo,1400000,188200,1900,962,1400000
870,mrs.wahlberg,1200000,147800,3200,986,1200000
871,apinyabunying,1500000,204100,1200,1300,1500000
872,imanthonyvargas,1800000,292100,1200,247,1800000
873,creatingwonders,752900,96300,1400,8800,752900
874,nalgalia.g,1600000,182600,449,2200,1600000
875,zeinazeee,2200000,185600,820,990,2200000
876,notmarkharris,754300,192500,1700,3300,754300
877,boywithuke,1600000,242300,1600,306,1600000
878,lilyxgarcia,1700000,248500,972,760,1700000
879,rose.friederike,3100000,123900,974,930,3100000
880,kaylamalecc,1700000,277300,1400,128,1700000
881,theonlycb3,1000000,235100,2100,1000,1000000
882,carloscastroes,1600000,166500,285,2500,1600000
883,hf37777,1100000,17600,5800,31900,1100000
884,jfkexplainsjokes,888800,181600,3400,1100,888800
885,johnmicheal1996,930600,109500,784,6300,930600
886,celinaspookyboo,1600000,246700,1200,625,1600000
887,yg_treasure_tiktok,830500,216900,2200,1800,830500
888,0808sakura,1200000,144700,2700,1500,1200000
889,danethegreatt,1300000,109600,896,4300,1300000
890,thedonato,1300000,152800,3500,92,1300000
891,afrae.es,2700000,185700,594,860,2700000
892,rifirdus,2100000,158900,845,1300,2100000
893,lilmabuu,2000000,206900,1200,504,2000000
894,nadaahmed__1,2200000,150100,907,1200,2200000
895,maxtaylorlifts,1300000,231200,1200,1200,1300000
896,daddyyankee,1200000,197800,1800,1200,1200000
897,imchef7,1300000,189300,530,2500,1300000
898,acdc,1100000,182200,879,2600,1100000
899,subarumotorsportsusa,1000000,161900,840,3400,1000000
900,in_the_nic_of_time,2400000,263500,752,362,2400000
901,its.michhh,1900000,260400,1200,218,1900000
902,alwanr__,2500000,237000,630,558,2500000
903,hieubuiba,2800000,260600,796,185,2800000
904,atom221220,1300000,241800,1400,821,1300000
905,cedriklorenzen,1100000,115300,2300,3200,1100000
906,aureliehermansyahatta,2100000,187400,989,779,2100000
907,abopermak,2300000,69700,2600,1700,2300000
908,therealdrmiami,1300000,270600,681,1300,1300000
909,47bato,1300000,172500,1100,2100,1300000
910,priimoraa,2000000,345500,293,726,2000000
911,dylanhoogerwerf,2300000,271400,779,318,2300000
912,reesewitherspoon,1500000,147900,2300,878,1500000
913,olisboa,1600000,262900,601,1100,1600000
914,altarvision,1100000,268100,1100,1200,1100000
915,jakehunterofficial,2000000,127800,2400,353,2000000
916,huddy,2000000,147900,1800,529,2000000
917,ikerlafuente,1000000,162500,2900,1100,1000000
918,niallmacmillan,1500000,123200,973,2700,1500000
919,nhabebap,2500000,267800,689,319,2500000
920,lightskinmexican0,746100,119800,824,6700,746100
921,elecherlee,1500000,138300,2700,632,1500000
922,summerhays.bros,1300000,188300,539,2200,1300000
923,amxnahali,1000000,178200,2300,1400,1000000
924,dudeperfect,2300000,327400,469,416,2300000
925,j0a0zinh0,1100000,203900,1100,1900,1100000
926,tonystatovci,991700,224500,889,2100,991700
927,sanjosejules,2300000,274500,566,486,2300000
928,zanfilms,2700000,98700,1200,1300,2700000
929,melch.cooks,1600000,156400,2000,729,1600000
930,sweizayne,907700,164400,1900,2500,907700
931,taetoowavy,873000,171300,1900,2400,873000
932,a.l.capone,863000,34500,629,21300,863000
933,chris,1800000,368000,559,424,1800000
934,lance210,2300000,218400,535,784,2300000
935,mozamir,1400000,175900,1800,869,1400000
936,abdullah_eltourky,1800000,200500,824,968,1800000
937,fionntime,910200,210300,1400,2000,910200
938,ngoc.matcha,1100000,150000,3300,617,1100000
939,posterised,1500000,199700,715,1400,1500000
940,texassbitty,1100000,126100,918,3700,1100000
941,ethankleinh3,970500,136600,3000,1900,970500
942,emrata,2000000,186800,965,752,2000000
943,mahmooud_shaar,3000000,100200,941,1200,3000000
944,anyaischuk,1900000,219300,877,692,1900000
945,.02h.88m,917800,172600,1600,2400,917800
946,thiennhan5272,2900000,216800,712,295,2900000
947,elchaparrito951,1300000,49500,525,9300,1300000
948,angryreactions,1500000,257100,1300,376,1500000
949,thereallifeguys,2300000,216100,639,626,2300000
950,aspenackley,1300000,192100,598,1900,1300000
951,gutierrezcastro,1100000,147900,894,3000,1100000
952,joelbergs,1900000,317500,511,528,1900000
953,ragnarlebretonofficiel,1500000,135400,400,2700,1500000
954,cowboyjess,1600000,315900,719,509,1600000
955,busheadoph,3200000,209900,709,215,3200000
956,ryansunandar,873200,85700,5400,2900,873200
957,nathaliavalente,2300000,242900,731,375,2300000
958,mohaimen.alaa,1200000,171200,1900,1200,1200000
959,itsmenicksmithy2,1700000,208600,982,806,1700000
960,noeldeyzel_bodybuilder,1400000,228200,1000,885,1400000
961,_liltam,2200000,281600,370,623,2200000
962,mak.beh,2600000,233200,676,336,2600000
963,rajaabelmir,1400000,133800,1100,2300,1400000
964,ditanganu,2400000,211400,846,363,2400000
965,kinosgina,1600000,87500,2800,1800,1600000
966,texasbushman,1200000,197000,611,2000,1200000
967,notorious_foodie,1700000,177700,528,1500,1700000
968,10july__,1000000,123100,672,4300,1000000
969,lamminhduc2404,2300000,88600,2300,686,2300000
970,papavince.davao,899600,116100,2800,3000,899600
971,namyulenka,1500000,229900,1200,654,1500000
972,bankrolldyl,1100000,226900,1200,1200,1100000
973,interesting.thingsz,2400000,186000,991,357,2400000
974,psg,1700000,177600,1400,576,1700000
975,elo_os,1600000,276900,716,637,1600000
976,zenitfc,1900000,221500,1000,378,1900000
977,lauralove5514,1500000,230200,1100,705,1500000
978,rbplaying,1400000,100200,675,3600,1400000
979,manutd,1600000,188700,1500,519,1600000
980,amika0429.14,1300000,96800,3200,1500,1300000
981,chikn.nuggit,948500,146900,3200,1100,948500
982,aidanmrz,2500000,157800,991,512,2500000
983,shehabeldin100,1400000,141000,1600,1400,1400000
984,mrchiquitolina,805200,163600,487,4000,805200
985,nacha_acashore,2200000,231300,434,743,2200000
986,melanypalacioss,1600000,352500,909,137,1600000
987,fortcraft354,1400000,156800,2600,70,1400000
988,davidspade,1100000,158600,1500,1800,1100000
989,monika.kociolek,1100000,170400,2500,614,1100000
990,yayisrenteria,1900000,133600,382,1900,1900000
991,fabirommel,1000000,105800,573,4900,1000000
992,juanito_pochi,2100000,191300,671,781,2100000
993,brandonspam_,1500000,236500,1400,220,1500000
994,macy.blackwell,1100000,104400,382,4700,1100000
995,calebrownn,834600,148200,1900,2800,834600
996,brendadialoy,1200000,187500,626,2000,1200000
997,jujufitcats,2200000,280800,380,558,2200000
998,xoteam,2500000,180200,859,450,2500000
999,kimsnwuo,957400,226800,908,1700,957400
1000,jass_mcg,503800,116000,8100,1800,503800
