S.no,Tiktok name,Subscribers,Views avg.,Likes avg.,Comments avg.,Shares avg.
1,Stray Kids,6400000,2300000,50200,34200,6400000
2,Khabane lame,17300000,2300000,15200,8700,17300000
3,scarlett,17900000,845800,53900,6300,17900000
4,Addison Rae,22000000,906600,7600,26200,22000000
5,Belinda,14200000,1500000,14500,15300,14200000
6,Wannaü•ä,12000000,2000000,20400,4200,12000000
7,The Rock,13100000,1500000,14300,11900,13100000
8,bzrp,16200000,2700000,4200,6900,16200000
9,Landon Barker,11700000,1200000,19100,15200,11700000
10,MrBeast,13000000,1700000,17200,2100,13000000
11,charli d‚Äôamelio,15200000,959400,20800,4600,15200000
12,Amaury Guichon,11400000,1500000,7200,11800,11400000
13,Jet,12400000,2200000,3600,6600,12400000
14,Kervo.dolo,5700000,1300000,7900,27600,5700000
15,TT Drama Layla,6100000,1100000,16600,17700,6100000
16,–ú–∏—à–∞ –ì–æ—Ä–æ–¥–µ—Ü–∫–∏–π üá∫üá¶,10800000,680000,5700,22500,10800000
17,domelipa,10400000,1500000,9100,3500,10400000
18,Kylie Jenner,12300000,1900000,5500,2600,12300000
19,enhypen,4300000,1100000,24800,14300,4300000
20,Kimberly Loaiza,8800000,1200000,12100,4300,8800000
21,ramonvitor,9300000,1900000,7300,2400,9300000
22,TOMORROW X TOGETHER,3800000,1100000,27400,9500,3800000
23,emraynea,5100000,1400000,6600,13500,5100000
24,blackpinkofficial,4500000,839600,13900,22200,4500000
25,Mohamed Tarek - ŸÖÿ≠ŸÖÿØ ÿ∑ÿßÿ±ŸÇ,4700000,864200,21900,8000,4700000
26,Zeth,8500000,1700000,2200,6200,8500000
27,Kurt Kunkle,4900000,685900,30100,3300,4900000
28,Josh Godfrey,6400000,587600,12800,16300,6400000
29,JustinFlom,12900000,789200,4500,6200,12900000
30,WILLIE SALIM,8100000,589200,17400,5400,8100000
31,La Rosalia,14200000,1200000,3300,2600,14200000
32,Biro,6400000,760900,6100,14300,6400000
33,Ki·ªát ·∫Æk W·ª∑,5200000,842200,12300,8500,5200000
34,corey,6300000,1400000,2900,7100,6300000
35,Fernanda,6600000,962300,10000,3900,6600000
36,WinnerMax,13800000,1000000,1800,4500,13800000
37,Devan Key,6900000,976200,8600,3700,6900000
38,Yung Gravy üçØ,9500000,1400000,3500,2700,9500000
39,Sisca Kohl,9200000,1100000,6200,1800,9200000
40,Lexi Rivera,7500000,992500,8500,1800,7500000
41,Leithal,7900000,1300000,3800,3200,7900000
42,Meyden,9000000,799500,8000,1600,9000000
43,b.blek,8000000,616700,6400,7400,8000000
44,Mc Pedrinho,8200000,1200000,5000,2000,8200000
45,Jenn Melon,5500000,1400000,3800,4900,5500000
46,NileRed,6000000,1000000,4400,6300,6000000
47,doctor Zhang Xi,7000000,378500,1500,22500,7000000
48,Pong√°moslo a Prueba,9300000,1600000,2300,2000,9300000
49,ItsMacDoogle,3900000,685900,10100,13000,3900000
50,jesus_nalgas,5000000,970100,6000,6000,5000000
51,Em,4400000,775200,9100,6700,4400000
52,Daniel LaBelle,5200000,816800,3800,8400,5200000
53,conangray,3900000,1100000,7000,4900,3900000
54,Xspencer,5200000,924300,5900,4000,5200000
55,„ÅÜ„Åï„Å£„Åè„Åæ‚ô°Movie,4300000,192000,1800,55900,4300000
56,ùôçùôÆùôñùô£ùòΩùôñùô†ùôöùôßùôÆ,5400000,548200,7800,7700,5400000
57,üêªüêªSECHITOüêªüêª,6500000,603400,2000,9500,6500000
58,Katya Ross,2800000,665300,5700,18100,2800000
59,vinnyguadagnino,5100000,629300,5900,7200,5100000
60,Lele Pons,12200000,1000000,1500,1700,12200000
61,Matt,3200000,812000,10900,4600,3200000
62,Rayssa Buq,4300000,775300,7900,4100,4300000
63,charlidamelio,5400000,804000,6900,1700,5400000
64,Pk,4800000,893300,3000,5600,4800000
65,Selena Gomez,5200000,804900,4200,4500,5200000
66,RANDOM MEMES,3800000,787700,2900,9000,3800000
67,Lexi Rivera,7600000,870600,3100,1800,7600000
68,bhadbhabie,5100000,899500,3000,4000,5100000
69,acpitos on ig üì∏,5700000,858800,3500,3100,5700000
70,SofiaCarson,5700000,903500,3200,2900,5700000
71,YoungSwagon,5100000,752500,1400,6700,5100000
72,Montpantoja,6800000,1000000,2500,1900,6800000
73,Azzyland,5300000,774200,7000,462,5300000
74,soysuco,5400000,570500,8700,1100,5400000
75,Bella Poarch,7400000,677300,4900,1100,7400000
76,Max Taylor,3500000,572600,5200,9500,3500000
77,Jordan e Mel,4400000,436100,3000,12200,4400000
78,Hannah Stocking,7800000,840800,1600,2500,7800000
79,X√≥chitl G√≥mez,7000000,1300000,26,2900,7000000
80,Ruben Tuesta,5500000,802300,1600,4400,5500000
81,Charlieee,12000000,470200,1700,2900,12000000
82,Kris HC,5400000,936600,3400,1500,5400000
83,Derek Lipp,3100000,440500,2500,15700,3100000
84,Jax,4100000,683500,5400,3200,4100000
85,Calfreezy,6500000,869100,1700,2400,6500000
86,loveofhuns x,3500000,382400,8300,8900,3500000
87,Liza Koshy,4900000,802800,2200,3600,4900000
88,Victor Melo,4500000,736700,2500,4200,4500000
89,Wisdom Kaye,4600000,874400,3500,2000,4600000
90,Q Park,5000000,415300,3900,6600,5000000
91,LIL G,4400000,521900,5500,4000,4400000
92,Dylan Mulvaney,3800000,730800,6600,1200,3800000
93,Hafiz Mahamad,3000000,325100,14400,7500,3000000
94,marcus_eni,2200000,198600,1300,46000,2200000
95,margo‚ú®,6700000,868100,2400,1200,6700000
96,Dhar Mann,4200000,528100,6900,2400,4200000
97,M√°t√© M√©h√©sz,3400000,588500,4400,5800,3400000
98,kaeli mae,5500000,733800,1500,3500,5500000
99,paralympics,5400000,467800,1800,6300,5400000
100,–Ø–Ω—á–∏–∫,4900000,660100,2700,3500,4900000
101,Connor DeWolfe,3000000,628400,1600,9000,3000000
102,NgebisOnline,3700000,498400,5900,4400,3700000
103,gustian_magrib,2900000,230500,1200,27700,2900000
104,Èü≥ÁæΩ-otoha-,3400000,268000,9500,11200,3400000
105,Iv√°n Lomeli Travel Blogger,2400000,188100,1200,39600,2400000
106,David Guetta,4400000,419900,4100,5900,4400000
107,Qu·ª≥nh Aka ‚úÖ,4700000,333200,4400,7300,4700000
108,Gianluca Vacchi,7700000,477100,2000,2800,7700000
109,ash,3400000,854700,4100,2000,3400000
110,üíé‚òùÔ∏è ÿπ€Åÿ®ÿØÿßŸÑ€Åÿ±ÿ≠€ÅŸÖŸÜ_ÿßÿ≠€ÅŸÖÿØ‚òùÔ∏èüíé,8100000,337400,1300,5100,8100000
111,garett nolan,4200000,337100,2400,10000,4200000
112,Sturniolo‚Äôs,2800000,654200,7600,2000,2800000
113,juliano,6800000,625200,3000,1000,6800000
114,·¥ä‚ö°Ô∏è,1600000,350900,27000,2500,1600000
115,Zodiac Boyfriendü™êüîÆ,2700000,444700,5200,8500,2700000
116,LIT killahü©∏,3200000,428300,1300,10600,3200000
117,stickyboy69,1900000,478800,14600,3800,1900000
118,ShxtsNGigs Podcast,3600000,603100,1900,5600,3600000
119,Fael Alegria e Isaac Amendoim,5500000,321600,1300,7900,5500000
120,Thallysson Borges,3000000,450100,3800,8100,3000000
121,Sara,4500000,364900,6300,3100,4500000
122,Mia K.,5400000,610300,2500,2200,5400000
123,ùëÑùê¥ùëÄùê¥ùëÖ,3000000,298100,7000,9900,3000000
124,Sofyank96,4500000,565100,2500,3400,4500000
125,kika,2900000,516200,4000,6000,2900000
126,Ïù¥ÏãúÏòÅ,3500000,658800,3800,2800,3500000
127,JD Pantoja,4600000,751900,3500,799,4600000
128,nai,3400000,934200,2600,1900,3400000
129,Sassa Gurl,3500000,565300,3100,4100,3500000
130,bargainbethany,2200000,208700,1800,28300,2200000
131,Terry Reloaded,2300000,508700,2700,8700,2300000
132,Gordon Ramsay,6400000,488100,2200,2100,6400000
133,ùóüùóÆùóøùó∂ùòÄùòÄùóÆ ùóöùóπùóºùóºùóø,3100000,756800,3900,1800,3100000
134,General ock,3200000,426300,3100,6300,3200000
135,Weld Mimoune,3400000,298500,2800,9800,3400000
136,Iran Ferreira (Lai),4200000,571700,3700,1700,4200000
137,Brooke Monk,5900000,678900,1900,1400,5900000
138,–ü–∞—Ä–¥–∞–µ–≤ –ê–ª–∏–±–µ–∫,3200000,183700,352,21300,3200000
139,ÿπÿ≤Ÿäÿ≤ | Ÿäÿ≤ŸÜ,7000000,249200,1200,6100,7000000
140,Pimrypie,7700000,466300,2300,1200,7700000
141,Alan,3700000,636000,3500,1800,3700000
142,DAVID DOBRIK,4400000,440600,1700,4600,4400000
143,GetOnMyLvL,3400000,447500,3500,4400,3400000
144,Vinnie,3300000,487100,4600,2700,3300000
145,cellat36,5400000,307500,5200,1900,5400000
146,benji,3300000,643800,2200,3200,3300000
147,SEVENTEEN,1900000,595100,5300,4900,1900000
148,Natalia Hurtado de Mendoza,3500000,259600,928,11800,3500000
149,Logan Paul,4800000,976900,1400,1000,4800000
150,Andy Arthur Smith,3300000,564700,3300,2800,3300000
151,Logan Paul,4800000,976900,1400,1000,4800000
152,Andy Arthur Smith,3300000,564700,3300,2800,3300000
153,cauwave,2600000,396600,2700,8200,2600000
154,Nicolle Figueroa,5500000,766100,1800,882,5500000
155,Brooke Monk,5700000,620800,1800,1300,5700000
156,Old Time Hawkey,2900000,445500,4600,4000,2900000
157,ŸÖŸÉÿ≥ _Mix,4800000,481900,3200,1400,4800000
158,Joe Mele,5700000,848400,1200,1000,5700000
159,Lord Trunks,4200000,386900,3000,3600,4200000
160,Payton King,2600000,325000,4800,7600,2600000
161,Squatch and Sons Customs,7700000,471300,1600,1200,7700000
162,Roce Ordo√±ez,3900000,678600,2200,1700,3900000
163,Clare Thurkett,3100000,724400,1200,3400,3100000
164,Patrick Barnes,2200000,417200,3900,7300,2200000
165,History Footage,2900000,346200,4800,5100,2900000
166,blamerobertjames,3500000,347200,4400,3900,3500000
167,pollerocho,3500000,567200,841,4200,3500000
168,Fernanda,4500000,825600,1500,1100,4500000
169,Jaykindafunny,4800000,612400,1300,2000,4800000
170,AGUS LIPORACE,3400000,408900,443,6400,3400000
171,J√∫lio Cocielo,2300000,675900,2000,4100,2300000
172,darylsabara,3600000,628500,1900,2100,3600000
173,Ninjy Dave,2200000,130200,1000,30600,2200000
174,Sarai Marie,2300000,462700,2600,6100,2300000
175,ŸÅŸáÿØ ÿ¢ÿ±ÿ™ || Fahadüé®,4500000,288800,5400,1400,4500000
176,üïåüèÉ,3200000,129400,1200,20000,3200000
177,tiara andini,3800000,419600,2600,3000,3800000
178,ndshvv,3800000,552400,3400,764,3800000
179,Maia Knight,4700000,720500,1600,960,4700000
180,–•–û–ú–Ø–ö,3800000,489800,3600,1100,3800000
181,Lucas and Marcus,4800000,453100,2800,1100,4800000
182,Jacksepticeye,2300000,559800,3800,2700,2300000
183,Franck Farf√°n FS,4900000,330900,1000,4100,4900000
184,DTG,2200000,251900,2200,12900,2200000
185,Jihan Salsabila,2700000,366400,3600,4500,2700000
186,Brent Rivera,4900000,574400,2000,813,4900000
187,Ray & Madalyn,3600000,496100,1800,2600,3600000
188,Ness,4000000,420500,2700,2000,4000000
189,Leana Deeb,3900000,573500,1300,2100,3900000
190,Just Hamilton,2300000,371100,1900,7000,2300000
191,wilmah10,2900000,208200,2700,9900,2900000
192,Kep1er,2700000,518500,3600,1700,2700000
193,Lo√Øc Suberville,2400000,458100,1600,5200,2400000
194,ùë≥ùë®ùëµùë® ü¶ã,4100000,293400,3700,2600,4100000
195,Tucker Lindgren,2000000,444000,3100,5300,2000000
196,JVKE,3700000,582200,2100,1300,3700000
197,„Éê„É§„Ç∑ü•ëBayashi,4400000,492000,2600,786,4400000
198,Bilal,2200000,492000,1900,4700,2200000
199,Spice King,4200000,414100,2800,1300,4200000
200,Duy Th·∫©m,5000000,492500,2200,708,5000000
201,Fede Vigevani,4000000,457200,2700,1100,4000000
202,Iam Cleo,3000000,376800,4300,1700,3000000
203,Theo Von,3100000,320800,1100,5600,3100000
204,dafnne ‚òª,3700000,667900,1400,1300,3700000
205,Ashley Enders,4100000,286400,2400,3200,4100000
206,Abir el saghir,4300000,302800,2800,2300,4300000
207,Priscilla ‚ó°Ãà,2300000,522900,1200,4200,2300000
208,Mikaylah,3600000,313500,4600,1100,3600000
209,Ranboo,1800000,414800,7000,1600,1800000
210,Fadil Jaidi,3500000,390700,2900,1800,3500000
211,Diiego Spyckerzs,2800000,154500,3000,11800,2800000
212,Cat Sonya,3500000,287700,1000,5300,3500000
213,DBL N officiel üëëüî•üáπüá≥,3600000,392900,2400,2100,3600000
214,GavinCasalegno,2200000,394700,5300,1900,2200000
215,gordeewa__13 :>,5400000,293700,3200,722,5400000
216,‡πÑ‡∏Å‡∏Ñ‡πå '‡∏™‡∏°‡∏¥‡∏ó,13100000,299200,435,1200,13100000
217,Lucas Monteiro,3800000,469400,1800,1700,3800000
218,Dasi Gantung,4600000,648500,842,1300,4600000
219,Vanessa Lopes,3400000,327800,3600,1900,3400000
220,ALEX <3,1600000,467100,3900,4400,1600000
221,bretmanrock,2900000,599900,2000,1400,2900000
222,Brody Wellmaker,3000000,430300,3600,1000,3000000
223,James Charles,4200000,356400,2900,1100,4200000
224,pablitocastilloo,2000000,234700,1800,10800,2000000
225,Louisa Jindaoui,3400000,492200,1600,1900,3400000
226,fredi p√§rs,1600000,364000,3800,6600,1600000
227,IVE.official,2400000,355600,4100,2700,2400000
228,hannahbahng,1700000,479400,5800,1300,1700000
229,Nikocado Avocado,3400000,131000,6900,6000,3400000
230,Andrew Curtis,2000000,341900,5500,2900,2000000
231,üî•ƒê·∫°t Villaüî•,2700000,192000,8600,2600,2700000
232,Santi Perez,2500000,418300,1800,3800,2500000
233,A√ßucena Guirra,3200000,539900,2500,755,3200000
234,thalitaKarter,3400000,200200,1200,6900,3400000
235,David Costa,3500000,480500,1900,1400,3500000
236,nova,3800000,400800,2400,1100,3800000
237,Gregisms‚Äô Neighborhood,1400000,235800,4300,12300,1400000
238,CLAUS,2700000,340100,2300,3700,2700000
239,Ha Linh Official,4100000,346500,2400,1400,4100000
240,Kaan,1600000,411500,3400,4700,1600000
241,nicocapone.comedy,4600000,317300,1400,2300,4600000
242,Aitch,3500000,351400,2100,2300,3500000
243,Kirbyyy,2100000,274900,1500,7600,2100000
244,Bryce Hall,4800000,497800,1500,711,4800000
245,aikihoruus?,1500000,276600,2200,10800,1500000
246,Emilly Vick,5400000,444800,1400,799,5400000
247,ƒê·ªó ƒê·∫°t,3700000,368200,2600,1100,3700000
248,D A R I A NR O J A S,3300000,542400,2400,440,3300000
249,Nicolas Sturniolo,2500000,412100,4400,582,2500000
250,Ricardo Gaeta,2100000,232000,4900,5300,2100000
251,G I O V A N N Iü¶ã,2200000,317600,3000,4100,2200000
252,GirlsGeneration,2700000,355200,2900,2400,2700000
253,Eu Pereira,3600000,395700,1300,2100,3600000
254,Sabrina Carpenter,3200000,346500,3300,1200,3200000
255,Leymar Brown,2000000,251500,2600,7100,2000000
256,Feid,3100000,381700,1500,2600,3100000
257,QCP,3900000,529100,1400,948,3900000
258,Tooturnttony,3700000,355500,2600,1100,3700000
259,THEODORT,2600000,563300,2500,773,2600000
260,Drew Afualo,2000000,322100,6500,977,2000000
261,maliha,2100000,475000,2900,1800,2100000
262,Runa,2100000,573200,1800,2200,2100000
263,Shane Bennett,2600000,589400,1200,1900,2600000
264,Shadi Srour,3200000,196400,2300,5200,3200000
265,Ninon Rambaud,4100000,441500,1500,1100,4100000
266,Kylee Choi,1800000,483500,3000,2300,1800000
267,eljuandiduque,1800000,171300,1500,13400,1800000
268,ü¶ÑüíôMINAMIüíôü¶Ñ,2000000,187100,9700,2400,2000000
269,rare doodle,3200000,370100,2400,1500,3200000
270,BEN YAPARIM ! üáπüá∑,3600000,186100,1500,5200,3600000
271,The Hype House,3200000,441700,2700,523,3200000
272,Olivia Dunne,3100000,397900,2300,1400,3100000
273,BEDDY,2100000,348200,4100,2000,2100000
274,Ceren Yaldƒ±z,4400000,184100,4800,712,4400000
275,Michael,2500000,442700,2300,1800,2500000
276,DunkMVP,3500000,405700,1400,1800,3500000
277,Jimena,3300000,521100,959,1600,3300000
278,TANGOZILLA,2200000,467500,1300,3000,2200000
279,Melfouad,2400000,209400,2100,6600,2400000
280,Tom Felton,2800000,303500,3100,2000,2800000
281,Bu Kre Sabi‚ÅâÔ∏è,5100000,255200,659,2600,5100000
282,Lucas varela,2000000,282000,810,6700,2000000
283,mndiaye_97,2200000,443700,2500,1900,2200000
284,Jess,8900000,471000,775,223,8900000
285,ŸÜÿßÿµÿ± || üá∏üá¶ alsubaie,2900000,149600,2300,7400,2900000
286,Tammy Hembrow,3800000,429500,1300,1300,3800000
287,Jack Joseph,2100000,323100,2500,3800,2100000
288,Paulo Victor Melo,4700000,447900,815,1200,4700000
289,L√™ ƒê·∫°i Ph√°t ü•ë,3300000,333900,3200,583,3300000
290,straykids_japan,1000000,344900,7600,3900,1000000
291,Kaleb,2000000,306400,4500,2300,2000000
292,Cookie Puenteüç™,1400000,336800,1800,6600,1400000
293,Andy & Michelle,2600000,336300,1400,3400,2600000
294,Gonzalo Romero,1400000,161500,696,17200,1400000
295,Lea Elui,3900000,596400,654,1100,3900000
296,Zeinab Harake,3500000,492100,1700,673,3500000
297,AugustoGimenez,4100000,608800,1000,605,4100000
298,BUCKS&JANINA,3100000,189000,6600,303,3100000
299,ria_d3miri,2300000,270900,4900,1500,2300000
300,Brittany & Lily,3100000,433300,1200,1700,3100000
301,Unaaüçú,3500000,275500,2500,1500,3500000
302,benoftheyear,2000000,442000,3700,764,2000000
303,KeniaOs,2000000,341800,4100,1500,2000000
304,nono,3000000,318200,1000,2900,3000000
305,Cam & Nie,1900000,323600,1000,5300,1900000
306,Laura,2500000,211200,1000,6100,2500000
307,VicBlends,2700000,523900,1800,836,2700000
308,user3892932795857,2000000,315300,1600,4400,2000000
309,‚ú®Ren PC‚ú®,1600000,339300,1600,5300,1600000
310,Christopher Sturniolo,1600000,361200,5000,1300,1600000
311,Snoop Dogg,3700000,168100,2700,3300,3700000
312,Zachery Dereniowski,3000000,424900,1800,1000,3000000
313,Naim DarrechiüèÜ,2300000,228400,1100,6000,2300000
314,Sungstarwin,4700000,651900,653,532,4700000
315,kopke613,1600000,222100,3300,6900,1600000
316,Esen,1600000,328200,1100,5800,1600000
317,GrillerVM,2500000,371200,1300,2600,2500000
318,jerell ware,2200000,433900,1500,2300,2200000
319,Jimmy Darts,2600000,506000,2100,643,2600000
320,Vi√™n Vibi,4000000,375800,2000,394,4000000
321,NO GUIDNCE,2200000,430600,2100,1800,2200000
322,LA CHAMA ·¥∞,2700000,363000,3400,318,2700000
323,Sonrixs,4000000,534400,1000,642,4000000
324,Vincent Gigante,2100000,300900,1600,3900,2100000
325,jerofreixas,1900000,184900,1400,8700,1900000
326,Madam Sonia,6400000,474600,635,509,6400000
327,cznburak,4600000,228400,2300,978,4600000
328,LA MARA,2900000,376900,2200,904,2900000
329,louvoresgospelbr,1900000,221300,1100,6900,1900000
330,Ruce Nuenda,3300000,490600,1500,554,3300000
331,nourmar5,1800000,136900,4800,8800,1800000
332,BebopandBebe,3300000,127200,7600,354,3300000
333,Ladaniuu,2400000,586500,998,1300,2400000
334,Telma,2000000,296100,3800,1800,2000000
335,ssssttttaaaarrrr,1800000,177300,8600,1800,1800000
336,patriotickenny,2100000,292900,2000,3300,2100000
337,Daniel Lechuga,2200000,476100,1200,1900,2200000
338,M·∫°nh Ti·∫øn Kh√¥i üêØ,3000000,276400,2600,1300,3000000
339,JoJo Siwa,4200000,422000,1400,399,4200000
340,kelil,4600000,670600,686,355,4600000
341,Ebit Lew,1900000,156300,6300,4400,1900000
342,Cedric Grolet,3300000,251800,1100,2700,3300000
343,Daniele Cabras,2000000,217200,2300,5200,2000000
344,Dylan Page,1600000,239400,5400,3000,1600000
345,Mastermind PH,2600000,273000,2100,2300,2600000
346,MALU BORGES,1900000,280400,4800,1000,1900000
347,Vito üåçüö¥‚Äç‚ôÇÔ∏è,2200000,340000,2000,2200,2200000
348,Feby,1900000,361000,2600,2000,1900000
349,Carol Villanes,2000000,294700,4800,467,2000000
350,Maria Becerra,2700000,388300,2200,712,2700000
351,OneRepublic,2800000,323000,955,2500,2800000
352,Ahmad Rizki,3700000,304500,1500,1200,3700000
353,flickerspark_,2100000,516800,1400,1500,2100000
354,cvstage,2300000,313100,2500,1800,2300000
355,Ÿäÿ≠ŸäŸâ ÿßŸÑÿ≤ÿπÿ®Ÿä,4000000,189900,1000,3100,4000000
356,Jenni Alarcon,2000000,348400,2500,1900,2000000
357,inoue`,1800000,321300,2700,2600,1800000
358,SUNNY DAZE,3100000,495300,844,1200,3100000
359,Los_chicaneros,1900000,218200,1200,6100,1900000
360,VideosChapin,2900000,78800,2700,10600,2900000
361,Wue Silva,4100000,283400,1200,1400,4100000
362,ladygaga,1900000,247500,4400,2000,1900000
363,ŸÖÿµÿ∑ŸÅŸâ ÿßŸÑÿ®ÿµÿ±ÿßŸàŸä 62,3100000,254000,2300,1500,3100000
364,mitsy,1900000,338300,2700,2100,1900000
365,Sebastien,2000000,396500,2100,1800,2000000
366,Karl,1900000,486500,2600,563,1900000
367,Lil Tjay,1900000,291900,3900,1400,1900000
368,Irene,1400000,401700,1300,3900,1400000
369,Doctor Miguel,2100000,321700,1700,2600,2100000
370,Jacob Day,1800000,296600,4400,1000,1800000
371,Lou flores,2200000,237100,842,4700,2200000
372,Pakoyaso,3200000,282600,1200,2000,3200000
373,Tchella,1600000,381600,1500,3400,1600000
374,NashVibes Art,4400000,365500,1300,493,4400000
375,jamesdroz5661,1900000,155400,2200,7400,1900000
376,egyptianbeaman,2200000,80500,1700,14200,2200000
377,Mattia Stanga,1500000,213400,1400,7400,1500000
378,Gorillaz,1800000,340900,2800,1700,1800000
379,:),815500,214000,5400,10600,815500
380,Rayoon,2900000,235900,2800,1200,2900000
381,Mel Maia üçØ,3500000,473900,988,662,3500000
382,Viet,1200000,129700,12700,4800,1200000
383,LEENüå∏,2900000,190100,2700,2300,2900000
384,jubiandxian,2500000,396200,1800,934,2500000
385,Adrian Bliss,2300000,413300,1100,1700,2300000
386,Desiree Montoya‚ù§Ô∏è,1900000,250800,4900,764,1900000
387,Frankie LaPenna,2700000,295200,1400,2000,2700000
388,XXXTENTACION,2800000,335100,1000,1800,2800000
389,Tik Toker,2300000,188300,2200,4100,2300000
390,katie sigmond,2900000,340000,1100,1600,2900000
391,natalie & the aguilars,3400000,558800,568,825,3400000
392,EL CHIMBA,3000000,285200,773,2400,3000000
393,Deive Leonardo,1300000,139300,370,14200,1300000
394,vito‚Ä¢_‚Ä¢,1000000,179300,3300,10900,1000000
395,TWICE,1300000,325500,3700,2500,1300000
396,Christilukasiak,2300000,369300,1800,1200,2300000
397,KATIAVLOGSüêí,3400000,274400,2600,294,3400000
398,Nguy·ªÖn Ng·ªçc Nh∆∞ √ùüê∞,2600000,239800,4000,205,2600000
399,JiDion,1900000,412500,2000,1300,1900000
400,Sal,2400000,166200,1200,5400,2400000
401,nikkietutorials,3200000,498000,1100,538,3200000
402,ivanovik.1983,2300000,91500,1100,11100,2300000
403,Eric Tro,5600000,547400,507,330,5600000
404,Virginia,3000000,410900,1200,961,3000000
405,Paige Taylor,2600000,393300,1900,546,2600000
406,Corey B,1500000,194200,755,8300,1500000
407,Carol Castro,3400000,450000,1300,379,3400000
408,Ian Lucas,2400000,262900,3300,830,2400000
409,Valeria Voronina,3700000,460400,1100,334,3700000
410,Paco De Miguel,1500000,229600,1900,5400,1500000
411,Josh Richards,2700000,354000,1900,737,2700000
412,s ·¥ú  Ä ·¥Ä s ·¥Ä ·¥ã,1800000,188500,463,7000,1800000
413,„Äê„Ç≥„É†„Éâ„ÉÉ„Éà„Äë„ÇÜ„ÅÜ„Åü,1700000,225600,4700,1900,1700000
414,Ayu Ting Ting,2900000,239200,1500,2100,2900000
415,Yahayra Osorio,2200000,67700,1100,15700,2200000
416,ùíØùíæùìÉùí∂,1800000,314000,2000,2400,1800000
417,ÿßÿ®Ÿà ÿ≥ÿπŸäÿØ,2100000,169400,3100,3900,2100000
418,Megan Thee Stallion,2100000,277200,2300,2000,2100000
419,Musdalifah Basri,2200000,190200,3400,2600,2200000
420,Hailey Bieber,3500000,342600,1200,845,3500000
421,dialaaljazairi,4000000,113200,3100,2400,4000000
422,Peaches The Chi,1500000,296700,2000,3600,1500000
423,Bruno Campos,5400000,360600,626,619,5400000
424,Isaac H.P Karaoke Backup,1300000,265600,3200,3800,1300000
425,Rafael Santos,2500000,398200,1800,645,2500000
426,Suzy,2200000,396700,288,2500,2200000
427,Gemelas Abello,5000000,376200,478,813,5000000
428,Douha laribii,4100000,240400,1600,823,4100000
429,ITZY,1700000,314600,3000,1600,1700000
430,rylee,3700000,281500,2000,302,3700000
431,Aaron Murphy,1800000,279500,2800,2100,1800000
432,tai_tl,1900000,316900,1600,2500,1900000
433,Tay,1500000,295900,1200,4400,1500000
434,LEL√ä BURNIER,1600000,387600,2900,910,1600000
435,ÿ£Ÿäÿ© ÿßŸÑÿ¥ŸÖÿ±ŸäüíôüêÜ,3200000,162000,1300,3200,3200000
436,Maddzak,3300000,191000,3500,227,3300000
437,Niana Guerrero,3100000,358500,1500,684,3100000
438,Carddd,3900000,541900,801,318,3900000
439,Soy_marcela,2100000,336600,710,2600,2100000
440,YT- CR Limit,2800000,189800,2400,1900,2800000
441,Logan,2100000,313500,1200,2300,2100000
442,katie65886,2200000,149100,7100,122,2200000
443,PINATüçÖ|| IG: @hesfinatia,4600000,434000,772,377,4600000
444,Samaria,1500000,369800,836,3300,1500000
445,Ben Palmer,2000000,327800,884,2700,2000000
446,Ben Orsini üëë,2200000,293300,2800,718,2200000
447,vzelivx,2100000,271200,2600,1300,2100000
448,CASSY LEGASPI,3700000,369700,1000,590,3700000
449,KWOOWK,2000000,268200,2000,2200,2000000
450,AbbieHerbert,3700000,400700,917,581,3700000
451, ü è Ä…™·¥Ñ·¥è·¥è,1300000,165700,1700,8600,1300000
452,Mateus Hwang,1900000,136800,5800,2600,1900000
453,shaggy,1200000,294600,1300,5100,1200000
454,ÿ∑ŸÑÿßŸÑŸäŸàŸÜŸäÿ±,2900000,195100,2000,1800,2900000
455,bigweirdworld,1100000,304200,2000,4500,1100000
456,Yurielkys Ojeda üï∑,2200000,277300,1300,2300,2200000
457,cemre solmaz,2000000,137000,6200,1700,2000000
458,Arun Maini,3800000,447500,964,300,3800000
459,Kjsmoothh,1800000,254400,2900,1800,1800000
460,JuanSGuarnizo,2000000,364900,1800,1100,2000000
461,Nick Smithyman ü§ì,2200000,305500,1700,1400,2200000
462,ÿÆÿßŸÑÿØ ÿ≤ŸäŸÜ,2600000,223900,1600,2000,2600000
463,colegonzales,2900000,277100,977,1600,2900000
464,La beba,2000000,283200,1200,2400,2000000
465,KSI,2500000,178600,4400,178,2500000
466,Alex Ojeda üá≤üáΩ,2600000,272600,802,2200,2600000
467,Jeipy,1700000,354400,2300,1100,1700000
468,louuuyoung,872900,137900,4400,12600,872900
469,ü¶Öüåëÿπÿ±ŸÅÿßÿ™ ÿ®ŸàŸÅŸàŸÜüåëü¶Ö,4300000,246700,460,1500,4300000
470,ÿ±ŸäŸÖ ÿßŸÑÿ≥Ÿàÿßÿ≥,3900000,162300,1100,2100,3900000
471,Ahmed Ksontini,2100000,77000,0,12600,2100000
472,Mostafa Ashraf,2800000,268000,1200,1500,2800000
473,AriGameplays,2800000,320700,1400,867,2800000
474,Bela,2700000,390700,936,982,2700000
475,italosenaoficial,2100000,198800,1500,3300,2100000
476,Kozue,2600000,466200,370,1300,2600000
477,RODü´†,2000000,254500,3500,413,2000000
478,Kwes,1600000,283300,1500,2800,1600000
479,ùôèùôÉùôÄ ùòøùòºùôçùôÜ ùôéùôÑùòøùôÄ,2400000,199000,410,3700,2400000
480,DRUSKI,1300000,241000,1300,4900,1300000
481,De‚Äôarra Taylor,2500000,458400,792,923,2500000
482,Briggitte Bozzo,5200000,361900,787,245,5200000
483,Flavinhalouise,3200000,167700,709,2800,3200000
484,Pailita,1600000,257400,2700,2100,1600000
485,KingChristian,1600000,299700,2800,1300,1600000
486,Mikayla Nogueira,2200000,320300,2300,411,2200000
487,Mark Phillips,1000000,227600,1200,6700,1000000
488,Charlie Puth,2000000,324800,1900,937,2000000
489,BikeDasher,2500000,398000,1500,407,2500000
490,Jonataü§©,1900000,319600,646,2500,1900000
491,Devin Caherly,4000000,444900,894,147,4000000
492,Basement Gang,1400000,296000,1500,2900,1400000
493,fivar,2000000,272800,790,2700,2000000
494,€©‚ô•€© ÿπÿßÿ¶ŸÑÿ© ÿßÿ®Ÿà ÿ≤Ÿäÿ≤Ÿà €©‚ô•€©,3700000,225300,723,1500,3700000
495,Prite Netijen Netirattanapaiboon,3600000,434900,845,334,3600000
496,‚öñÔ∏è The TikTok Attorney ‚öñÔ∏è,1900000,186000,4900,369,1900000
497,KAILAN üíöüíõ,2400000,219900,1300,2200,2400000
498,Loren Gray,3100000,358700,879,761,3100000
499,Dani Universe,3100000,322000,956,867,3100000
500,Hello It‚Äôs me SerJay,1400000,226200,2500,3500,1400000
501,Alex warren,2400000,419800,992,809,2400000
502,LK,2600000,306500,998,1300,2600000
503,Jo√£o Ferdnan,1700000,173500,2100,4000,1700000
504,tao's senpai,1200000,219600,1400,5300,1200000
505,Isaac H.P,1400000,217200,3500,2300,1400000
506,Not me,2000000,196300,4300,237,2000000
507,jordanavucetic,1100000,224200,5200,2100,1100000
508,Carla Evellyn,2000000,349600,2000,572,2000000
509,Chingu Amiga,2500000,469400,1100,377,2500000
510,Puga,2000000,220900,341,3700,2000000
511,Rey,1300000,253000,2000,3400,1300000
512,Tommy,2300000,317800,2200,172,2300000
513,Adam W,2400000,266300,915,1800,2400000
514,Anna Paul,2400000,424700,1300,375,2400000
515,Ilyes Djadel,2100000,311800,1100,1600,2100000
516,KronnoZomber,1400000,289100,2100,2300,1400000
517,OuttPig,1500000,341000,1600,1700,1500000
518,Ross Smith,1500000,156100,927,6300,1500000
519,glenca chysara,4500000,212300,1300,522,4500000
520,Cat Puma,1500000,183000,722,5500,1500000
521,Twinsjne üçì,2400000,486900,783,665,2400000
522,Andcarli,6300000,212200,684,578,6300000
523,Mc Livinho,2200000,312200,1400,1000,2200000
524,Erika and Milo,1500000,313600,1300,2200,1500000
525,Kim Migneault,3100000,358700,539,971,3100000
526,Unnecessary Inventions,2400000,377900,1400,451,2400000
527,Hunter Prosper,1700000,320800,1000,2100,1700000
528,BULOCHKAüá®üá≥üá∫üá¶,2900000,184800,1900,1200,2900000
529,Louka,1900000,354300,1200,1400,1900000
530,folz.a,1100000,192300,1800,6000,1100000
531,,1300000,159300,4900,3300,1300000
532,‚ö°Ô∏èAustin & Lexi üí•,1800000,332600,1100,1700,1800000
533,Lethicia Videira,903600,145100,1700,10800,903600
534,Nathalie Holscher,3500000,295700,936,647,3500000
535,ÿµÿßŸÑÿ≠ ÿßŸÑÿ≥ÿ®Ÿäÿ±‚ú®,2000000,201700,1600,2500,2000000
536,‰∏≠Áî∫Á∂æ,3000000,204200,1100,1600,3000000
537,Sebastian Moreno üì∏,3300000,293700,1400,300,3300000
538,LARRAY,2000000,351200,2000,364,2000000
539,tonton G üá´üá∑,4700000,214700,762,847,4700000
540,Everett Noble,1900000,441400,768,1200,1900000
541,@mcsilsiloficial,1600000,123300,2500,6000,1600000
542,–ê–ª–µ–∂–∞ –û–±—É—Ö–æ–≤,2600000,309200,1100,851,2600000
543,DermDoctor | Dr. Shah,3500000,248600,1000,826,3500000
544,Abby Casselberry,1800000,348300,1000,1600,1800000
545,ANNA,1700000,337100,1300,1500,1700000
546,Fabru,2200000,242900,2400,562,2200000
547,Ms Rachel,2600000,187500,1600,1700,2600000
548,Mark Tilbury - YouTuber & CEO,2300000,224500,620,2400,2300000
549,georainbolt,1500000,247100,2000,2300,1500000
550,Carlos Navarro ü•á,1700000,98800,353,8900,1700000
551,La granja del borrego,3000000,349900,919,581,3000000
552,MoriMuraüçï,1500000,315400,1500,1800,1500000
553,olivia-2002,3000000,175900,1600,1300,3000000
554,Elton John,2800000,66800,2000,6200,2800000
555,Conor Maynard,1700000,160400,2500,3100,1700000
556,Duncan Joseph,1400000,366500,1300,1700,1400000
557,jrizzyjeremy,3100000,225200,768,1400,3100000
558,Ahmad Mahroom,3300000,143500,923,2300,3300000
559,ava,1200000,372600,2800,639,1200000
560,Jasel,1800000,385500,685,1500,1800000
561,Liilz üöÄ,1600000,240000,2900,973,1600000
562,·¥° 99 ·¥ç ‚òä,1600000,143500,188,6300,1600000
563,Cau√£ Macedo,1600000,231000,2900,1100,1600000
564,Sabre Norris,1800000,186900,4100,329,1800000
565,„ÇÜ„ÅÜ„Åó„Åæ„Çã,1900000,145200,1100,4400,1900000
566,üëªŸÖÿ±ŸàÿßŸÜ Ÿ±ŸÑÿ®ÿ¢ÿ™ŸÜŸäüá©üáø,3000000,112600,1400,2900,3000000
567,DeAndre,1900000,315100,826,1600,1900000
568,WNRS,1700000,329500,1500,1200,1700000
569,pokimane,2300000,234800,2100,667,2300000
570,Zborovska,1900000,288900,1400,1300,1900000
571,7oda Einoüî•üòµ,2200000,162700,1600,2500,2200000
572,Mahsun Karaca,2100000,125400,411,5100,2100000
573,Nadirdearabier,2100000,185100,3000,694,2100000
574,AYDEN MEKUS,2100000,204700,2900,491,2100000
575,The Graham Norton Show,2900000,287800,421,1300,2900000
576,LADY BUNNYüê∞,1500000,189900,3400,1600,1500000
577,Anton Skuratov,1800000,151300,793,4400,1800000
578,Saray,1400000,85600,2700,9400,1400000
579,Kieram Litchfield,1400000,190800,2600,2800,1400000
580,Laurence Benson,2900000,293000,1400,240,2900000
581,ŸÖÿ≠ŸÖÿØ Ÿáÿ¥ÿßŸÖ,1500000,43700,380,21100,1500000
582,Jay Wheeler,1600000,249800,856,2700,1600000
583,Matheus Costa,1400000,205800,2000,2800,1400000
584,Soanh x Di·ªáp,3100000,328400,864,533,3100000
585,Pete 1k,926400,151600,2000,8000,926400
586,Dani Valle,1200000,86300,963,12400,1200000
587,„Äê„Ç≥„É†„Éâ„ÉÉ„Éà„Äë „Å≤„ÇÖ„ÅÜ„Åå,1500000,165800,4700,993,1500000
588,Jason Derulo,6800000,186900,887,194,6800000
589,Bilal Fadili,1600000,190500,2000,2600,1600000
590,Giuseppe Mandrake Ninno,1400000,170300,891,4900,1400000
591,Kerri,1100000,137300,4800,4300,1100000
592,Champions League,2300000,293500,823,1200,2300000
593,j ‚ù§Ô∏è,1600000,432800,1400,610,1600000
594,Sally Alawady,3400000,187800,1700,446,3400000
595,Felipe Paiva,1700000,259600,1800,1300,1700000
596,Neitor,2000000,307800,1600,709,2000000
597,Camilo,2400000,275900,567,1500,2400000
598,London Charles,1700000,374900,1400,751,1700000
599,KEEMOKAZI,2800000,351900,1100,258,2800000
600,Fran Carneros,2100000,458400,587,807,2100000
601,Elissa DeHeart,2000000,292400,974,1300,2000000
602,ŸÜÿ∏ÿßŸÖ,796600,218300,2000,5700,796600
603,SweeetTails,1400000,164400,828,5000,1400000
604,kane,1800000,221800,1300,2000,1800000
605,üßö ‚ú®Dream life‚ú®,1200000,134100,5300,2700,1200000
606,OMAHI,3500000,391900,777,188,3500000
607,Tommy,2000000,253500,1900,735,2000000
608,Albertina Sacaca Cal,2600000,241700,1600,505,2600000
609,model kentangüçü,2200000,229400,612,2000,2200000
610,wigofellas,2600000,158900,1900,1200,2600000
611,video,1700000,75600,1500,8700,1700000
612,Christian Fabian,2200000,311900,1800,130,2200000
613,Foodqood by Giallozafferano,4300000,213300,412,1000,4300000
614,The Physics House,1800000,307700,1900,507,1800000
615,benedict polizzi,3600000,360200,230,775,3600000
616,Main & Aseel,3000000,178100,1400,1100,3000000
617,Ahmed Helmy,2600000,184400,952,1800,2600000
618,Analisseworld,1900000,358600,652,1300,1900000
619,Zoe Colletti,1800000,209700,3000,429,1800000
620,kassandra ü™ê,1000000,280400,1800,2700,1000000
621,Ken Chanachai,2000000,184600,1400,2100,2000000
622,sdvn,2300000,149900,2200,1500,2300000
623,Facundo Izquierdo,978000,264500,833,4100,978000
624,Rubenillo,3800000,279000,282,925,3800000
625,„Äê„Ç≥„É†„Éâ„ÉÉ„Éà„Äë„ÇÑ„Åæ„Å®,1200000,176400,4300,1700,1200000
626,Brentford FC,1900000,252300,1600,1100,1900000
627,Dede Harlan,957700,228100,1900,3800,957700
628,„ÇÜ„Çä„Å´„ÇÉ,2300000,162300,2500,787,2300000
629,Hannah & Regal,1700000,231800,2700,444,1700000
630,user1692838440296,1100000,162300,4400,2500,1100000
631,dixie,2400000,220500,1900,424,2400000
632,JEON SOMI,1500000,329600,2000,496,1500000
633,Patty,1800000,277700,1500,1000,1800000
634,–í–∏–∫–∞ & –ñ–µ–Ω—è,1900000,48800,208,12900,1900000
635,Jake Krantz,1300000,261900,701,3000,1300000
636,Momona Tamada,1700000,359300,1800,279,1700000
637,bankkamo46_ü¶ñ,1500000,204700,1100,3000,1500000
638,Surthany hejeij,2500000,273600,1400,353,2500000
639,sofia espanha,1900000,284800,1300,996,1900000
640,Waspycraft,2300000,188600,922,1900,2300000
641,Michou,2400000,266700,1500,341,2400000
642,Rach Sullivan,2000000,370200,739,927,2000000
643,‚ô•Ô∏èPiper Rockelle‚ô†Ô∏è,1900000,158400,3600,543,1900000
644,Que chimba sog,1900000,138200,691,3900,1900000
645,Daniel Zenteno Const,1200000,174300,1100,4600,1200000
646,DENNY SUMARGO,3500000,187200,1400,386,3500000
647,Jake Andrich / Jakipz,2100000,164200,1600,1900,2100000
648,Andr√© Luiz Frambach,3600000,216200,285,1300,3600000
649,666,924500,153300,422,7900,924500
650,Skai Jackson ü•∞,2100000,441500,899,372,2100000
651,Nicoly Amanda Rowedder,1000000,264300,1700,2700,1000000
652,Stefano Da Cunha,1400000,283100,2500,477,1400000
653,Julie & Bella,2400000,313700,474,1100,2400000
654,reece,1400000,329000,1100,1400,1400000
655,„ÉÅ„Éß„Ç≥„É¨„Éº„Éà„Éó„É©„Éç„ÉÉ„ÉàÈï∑Áî∞(„Ç™„Çµ„ÉÄ),2300000,107900,977,3800,2300000
656,JAYDA WAYDA,1600000,230700,1000,2200,1600000
657,abusrwal1996,1700000,190600,2100,1400,1700000
658,Luara,2700000,185900,1900,403,2700000
659,Cesar Pantoja,2200000,347100,1200,283,2200000
660,Islas Vlogs,2900000,313700,842,416,2900000
661,Post Malone,1900000,176000,1400,2000,1900000
662,Ana Maria,3000000,392200,825,141,3000000
663,Jerome Polin,1500000,231100,2400,924,1500000
664,Good Boy Ollie,997600,250300,1400,3200,997600
665,Hunter,2600000,399400,709,383,2600000
666,Friger,1300000,327900,1100,1500,1300000
667,Trung Ru·ªìi,3700000,112600,639,2100,3700000
668,RiyukaBunga,1900000,132400,2300,2300,1900000
669,NildaChiaraviglio,1500000,78900,478,9400,1500000
670,Dina_Kalanta,3100000,243200,1200,341,3100000
671,Juan C | RECETAS FOODTIME,1500000,120100,250,6000,1500000
672,AvaSkyeStrong,2800000,136900,2300,717,2800000
673,kp crafts sf,1700000,226100,1100,1800,1700000
674,Manja,2300000,142700,1100,2300,2300000
675,ùôÜùôäùòæùòºùôâ,1400000,144500,397,5100,1400000
676,Joe Bartolozzi,1800000,293300,1800,379,1800000
677,niane,1100000,128900,2000,5900,1100000
678,Melon and Finn,1000000,213900,1900,3300,1000000
679,Khairulaming,1700000,248500,1200,1400,1700000
680,dudamaryah,2000000,284600,701,1300,2000000
681,Andres Johnson256,1100000,186400,935,4500,1100000
682,Ng√¢n H√†üçå,2400000,286100,1400,226,2400000
683,Ger Gomez,1100000,210300,1300,3300,1100000
684,Emang Dilan namanya,1900000,228500,1900,603,1900000
685,RAUL,2200000,184000,964,1800,2200000
686,Tabs,2300000,362200,1100,203,2300000
687,Ganta,1300000,160700,3300,1900,1300000
688,Herr Anwalt,1400000,177700,2600,1800,1400000
689,Bree Kinnear,1800000,307100,819,1200,1800000
690,Gerald Huston,1500000,261400,1300,1600,1500000
691,üî•ŸÑÿ§Ÿä ÿ±ŸÖÿ∂ÿßŸÜüî•,2800000,190500,760,1300,2800000
692,Madison Beer,1200000,224400,2700,1300,1200000
693,ANDDY üê∫üåô,937100,141900,7300,792,937100
694,Minecraft,3100000,136000,1100,1500,3100000
695,charlotte,2400000,226200,544,1500,2400000
696,Crist√≥bal Soria,1100000,111400,3800,4900,1100000
697,valeria üñ§,1400000,189000,1000,3000,1400000
698,Benny Velour,786500,184400,2500,4900,786500
699,Carlos Feria,2500000,203700,1900,163,2500000
700,Pk514,1400000,235400,1400,1800,1400000
701,Logan Lisle,1700000,78200,315,7800,1700000
702,SunNy Jutt,2000000,204500,1400,1200,2000000
703,Mitch ü•ò,1700000,95400,951,5400,1700000
704,Vanessa Patins,878300,62400,295,18800,878300
705,Tr∆∞·ªùng S∆°n,3700000,185100,670,841,3700000
706,zane,2000000,323800,775,863,2000000
707,Didi,2000000,289700,1300,575,2000000
708,ÿ±ŸÜŸÉ | Rnk,3100000,144400,1700,630,3100000
709,Farha Khalidi,2200000,202600,1400,880,2200000
710,Oli Natu,2200000,305300,749,777,2200000
711,fedez,1300000,229000,1400,2000,1300000
712,ÏúÑÏïÑÏù¥(WEi),959500,229600,2800,1900,959500
713,Xuxa,2300000,177200,1800,716,2300000
714,Jz Garcia,969200,233900,1000,3500,969200
715,BLK,1600000,237200,1100,1600,1600000
716,Stevenüáµüá∑,1500000,330100,1300,785,1500000
717,Sam Pepper,3100000,227000,799,642,3100000
718,‚ö°Ô∏èTEF,2800000,355600,816,222,2800000
719,Maithana9er,2500000,96000,2700,1700,2500000
720,Carry Disini,3100000,274100,518,694,3100000
721,Lockedinout,1600000,210400,883,2100,1600000
722,Pipepunk,951400,235200,962,3500,951400
723,jaeja,923100,194600,2400,3200,923100
724,michaeloftiktok,1400000,186000,1400,2500,1400000
725,Nigel Ng (Uncle Roger),2100000,251200,621,1300,2100000
726,6footkillaa,1600000,257200,1800,588,1600000
727,Haijoel,4000000,192200,1100,231,4000000
728,Esnyr,1600000,289600,778,1400,1600000
729,Ava Soto .,1200000,170000,3900,946,1200000
730,Morgan Vera,2000000,238000,1000,1100,2000000
731,laura & lena,1300000,254100,1100,1900,1300000
732,Jo√£o Dias,1300000,265400,1800,1200,1300000
733,u can call me sasha,1100000,320300,1900,1000,1100000
734,Jomar Yee,2300000,226700,1300,626,2300000
735,Kika Kim,1900000,220000,1700,646,1900000
736,Kirsten Titus,2200000,433500,809,225,2200000
737,Shayvise,2100000,412800,774,361,2100000
738,Joey Swoll,1700000,240800,2200,322,1700000
739,Ki·ªÅu Duy Long ü¶ñ,2500000,243900,1400,220,2500000
740,ÿ≥ÿ¨ÿßÿØ ÿ≥ŸÑŸÖÿßŸÜ,2000000,71200,1100,6000,2000000
741,Bobbi,2900000,207400,477,1100,2900000
742,Josefineüë©üèΩ‚Äç‚öïÔ∏è,1500000,221300,1400,1500,1500000
743,Lyodra Ginting,2200000,172500,1400,1100,2200000
744,Armando Netto,2100000,226100,1900,225,2100000
745,Rachael O'Neil,2000000,144000,1600,1800,2000000
746,andre,1200000,111500,876,6200,1200000
747,pami ‚ô°,1700000,288900,679,1300,1700000
748,ÿßŸàÿßÿØŸà / awado  ü¶é,1700000,137500,1900,2300,1700000
749,Anna Fontanela,2100000,313400,1200,292,2100000
750,@aragonclyrics,1300000,94400,96,7700,1300000
751,JADE PICON üå™,2000000,311100,967,567,2000000
752,Mikaela Testa,2100000,355100,853,423,2100000
753,Legendas Mania,1100000,135100,231,6200,1100000
754,philiptanasas,2200000,252900,1100,610,2200000
755,Zainah & Minnie,1000000,208100,1100,3200,1000000
756,Fran G√≥mez,1400000,253400,349,2300,1400000
757,SiBenitoo,2500000,185700,1500,598,2500000
758,Ben Azelart,2600000,221600,1200,452,2600000
759,LGNDFRVR,1600000,200500,1100,1800,1600000
760,Stan Fukase,943600,290600,1400,2000,943600
761,ÿ≥ŸàŸÖ,1800000,119100,2700,1800,1800000
762,ÍπÄÎèÑÏ∞å,1400000,273500,1200,1300,1400000
763,KelvinSabinoüåµ,1000000,156800,2700,3200,1000000
764,Thoren Bradley,1300000,142400,1800,3200,1300000
765,Anxiety couple,2400000,271000,893,526,2400000
766,Matt Mitchell,1100000,134300,1000,5100,1100000
767,Gohar Khan,2000000,306000,724,779,2000000
768,Vilia Carl,2800000,243100,881,470,2800000
769,Ria Ricis,2300000,242700,764,878,2300000
770,Kouvr,2700000,422500,562,240,2700000
771,Jorgito Parrillero,1500000,99500,333,6000,1500000
772,È¨º ‚Ä¢ ùêÜ ùêé ùêâ ùêé,1500000,229900,1500,1100,1500000
773,Homem De Honra,944300,37700,710,25000,944300
774,Maria Clara Garcia,1900000,191800,1800,648,1900000
775,Jake Paul,1500000,156400,2300,1600,1500000
776,albert_cancook,2400000,265200,829,624,2400000
777,tedwards,943300,189600,1900,3100,943300
778,CiroWhites,1700000,301700,908,895,1700000
779,The Shaba Kitchen,1300000,114100,1800,4300,1300000
780,Rubia Ramallho,2100000,156400,613,2100,2100000
781,ÿ®Ÿäÿ≥ÿßŸÜ ÿßÿ≥ŸÖÿßÿπŸäŸÑ - Bessan Ismail,2100000,160500,1400,1300,2100000
782,ypk.raye,1800000,332500,890,642,1800000
783,Boss Edlyn,2300000,175000,558,1700,2300000
784,Armando Greiser,621400,112500,1300,11400,621400
785,elise,926900,206500,597,4000,926900
786,Iker Casillas,1600000,191800,2100,783,1600000
787,Njan üôà,1000000,205200,2200,2100,1000000
788,Big Daddy Little Laur,1900000,125100,1400,2400,1900000
789,Ê∑±Áî∞„Åà„ÅÑ„Åø,2600000,164000,1300,751,2600000
790,Cole Anderson James,1400000,262100,1100,1200,1400000
791,YouTube king von 1,4400000,216100,680,244,4400000
792,Luis Felix,2300000,99500,1100,2800,2300000
793,deivis,1900000,322500,1100,291,1900000
794,JEZZINI,856400,239000,1100,3200,856400
795,sheri,2800000,263200,1100,103,2800000
796,Fuji,2200000,221600,1100,681,2200000
797,ANAR DREAMS üíéüí∞,3000000,131100,1900,376,3000000
798,üî±üåπÿßŸÑŸÇŸäÿµÿ±üåπüî±,1900000,182100,690,1800,1900000
799,Jos√© L,2300000,364900,779,252,2300000
800,Mohanaderabii,2100000,132800,1400,1700,2100000
801,üëëùñÑùï¨ùïÆùï¥ùïπùï∞üëë,1300000,44000,849,14800,1300000
802,·¥Ñ·¥è…¥ Ä·¥Ä,3200000,260400,864,167,3200000
803,Hania Aamir,2000000,190900,1800,432,2000000
804,jules,2200000,322500,952,270,2200000
805,Animasinopal,2900000,277700,451,619,2900000
806,Viviüß∏,1600000,197900,1700,945,1600000
807,Erika,1600000,329700,1100,525,1600000
808,Amanda Ara√∫jo,3500000,172600,997,400,3500000
809,Ki·ªát H√† T·ªãnh,2900000,216500,1100,268,2900000
810,madz,1500000,337700,1100,581,1500000
811,Melon n√® !,2400000,185600,1000,868,2400000
812,Joel Sunny,1100000,208300,2300,1300,1100000
813,Andrew Schulz,1400000,192900,613,2600,1400000
814,Little Bubby Child,853500,65500,1500,13400,853500
815,üê∞,800400,235700,1200,3200,800400
816,anna x,2600000,372800,417,442,2600000
817,agustinlocutor,1600000,100000,986,4200,1600000
818,M√®o Simmy,1100000,137100,4700,626,1100000
819,Bryceüòà,1400000,237600,1800,688,1400000
820,Kennedy Walsh,1600000,312600,934,765,1600000
821,Los Arias,1600000,241400,476,1600,1600000
822,Devyn,1600000,335300,359,1200,1600000
823,Roman,1900000,170400,2000,579,1900000
824,L√©a Martinez,1800000,239700,837,1100,1800000
825,movlogs,4900000,189600,577,300,4900000
826,ÊüäVolvy,1100000,233100,1200,2000,1100000
827,SIMONE BERLINI,1600000,259800,868,1100,1600000
828,Aileenchristineee,1400000,224100,681,1900,1400000
829,funny_v.i.p,1600000,196500,476,2100,1600000
830,B√°rbara Coura,1400000,295700,1000,922,1400000
831,ÿØŸàÿØÿßü¶πüèªü§ç,1800000,190800,812,1500,1800000
832,~YE≈ûƒ∞M,3500000,122500,1100,765,3500000
833,Evelyn Ha,1100000,245900,2400,661,1100000
834,William,911900,194800,1700,2700,911900
835,actuallyitsbella,1600000,237400,1600,503,1600000
836,Nyx,1600000,155500,1800,1400,1600000
837,Design House Decor,1100000,141100,574,4400,1100000
838,ophelia ü¶ã,1000000,169200,4200,481,1000000
839,Nadia Al-zou'bi,1500000,75900,738,6200,1500000
840,Emil Warren,1200000,211300,2600,617,1200000
841,CLMNS BROCK,1400000,152800,532,3300,1400000
842,Alx James,896700,152800,899,4800,896700
843,Tana Mongeau,2100000,234500,1200,412,2100000
844,Cass Holland,1900000,287700,856,571,1900000
845,ARFAYTB,894100,108700,456,7600,894100
846,Britney Spears,1300000,107800,3500,2300,1300000
847,Hunter & Frank,2000000,234200,1400,274,2000000
848,ELALFAELJEFERD,1900000,198600,639,1400,1900000
849,Adam Shi,1200000,235900,845,1900,1200000
850,Max The Meat Guy,2100000,273100,622,720,2100000
851,AURORA,1600000,216200,1600,659,1600000
852,„Éè„É™„ÉÑüåøÊ•µ,1800000,92700,2300,2500,1800000
853,üêáVidhi_Rüêá,1100000,151500,2900,1700,1100000
854,ÿ¨ŸàŸÇŸäüíö,1500000,219300,1300,982,1500000
855,GABI BEE,1200000,239100,2200,432,1200000
856,jack neel,1300000,245400,1900,535,1300000
857,ƒê·∫∑ng Thu H√†,2500000,300400,672,341,2500000
858,Miguel Alessandro,1800000,113900,1000,2800,1800000
859,Mesita,1600000,326800,611,886,1600000
860,Munir | 107 Deportes,1200000,88400,371,6700,1200000
861,grace‚òïÔ∏éÔ∏é,730300,179200,3900,1900,730300
862,Alex and Jon,971200,135000,552,5200,971200
863,Playboyjuju,1700000,120100,2400,1300,1700000
864,Beamng Shorts,2900000,158900,1000,630,2900000
865,Susy Mourizüå∑,1800000,212200,1500,470,1800000
866,THE MERKINS,600100,150900,1400,6800,600100
867,carloandsarah,2100000,219600,695,924,2100000
868, ú·¥Ä…¥·¥á·¥ç…™ è·¥Ä,1200000,257600,2100,336,1200000
869,chloeo,1400000,188200,1900,962,1400000
870,Jenny McCarthy,1200000,147800,3200,986,1200000
871,Apinya Bunying,1500000,204100,1200,1300,1500000
872,Anthony Vargas,1800000,292100,1200,247,1800000
873,Jesse J. Pedigo,752900,96300,1400,8800,752900
874,natiüëΩ,1600000,182600,449,2200,1600000
875,Zeina Zee,2200000,185600,820,990,2200000
876,Mark,754300,192500,1700,3300,754300
877,boywithuke,1600000,242300,1600,306,1600000
878,Lily Garcia,1700000,248500,972,760,1700000
879,ROSE,3100000,123900,974,930,3100000
880,kayla,1700000,277300,1400,128,1700000
881,Charles Brockman III,1000000,235100,2100,1000,1000000
882,Carlos Castro,1600000,166500,285,2500,1600000
883,ŸÜÿ¨ŸÖ ÿßŸÑÿ´ÿ±Ÿäÿßÿ°‚≠êH,1100000,17600,5800,31900,1100000
884,JFK üíÄ,888800,181600,3400,1100,888800
885,Ricky & The Boss,930600,109500,784,6300,930600
886,Celina Myers,1600000,246700,1200,625,1600000
887,yg_treasure_official,830500,216900,2200,1800,830500
888,üå∏Ê°úüå∏,1200000,144700,2700,1500,1200000
889,Dane Lindfors,1300000,109600,896,4300,1300000
890,thedonato,1300000,152800,3500,92,1300000
891,Afraa,2700000,185700,594,860,2700000
892,RIFIRDUS,2100000,158900,845,1300,2100000
893,Lil Mabu,2000000,206900,1200,504,2000000
894,ÿßŸÖ ÿÆÿØŸàÿØ  ŸÅÿ±ÿßŸàŸÑÿ©üòåüçì,2200000,150100,907,1200,2200000
895,Max Taylor,1300000,231200,1200,1200,1300000
896,daddyyankee,1200000,197800,1800,1200,1200000
897,Heinz Wuth - Ciencia y Cocina,1300000,189300,530,2500,1300000
898,AC/DC,1100000,182200,879,2600,1100000
899,Subaru Motorsports USA,1000000,161900,840,3400,1000000
900,Nic Suarez,2400000,263500,752,362,2400000
901,Michel Chavez,1900000,260400,1200,218,1900000
902,AlwanRK,2500000,237000,630,558,2500000
903,B√πi B√° Hi·∫øu,2800000,260600,796,185,2800000
904,üí¶ATOMüê¶,1300000,241800,1400,821,1300000
905,Cedrik Lorenzen,1100000,115300,2300,3200,1100000
906,Aurelie Hermansyah,2100000,187400,989,779,2100000
907,abopermak,2300000,69700,2600,1700,2300000
908,Dr. Miami,1300000,270600,681,1300,1300000
909,Batu FuRkan,1300000,172500,1100,2100,1300000
910,Prii Moraa,2000000,345500,293,726,2000000
911,dylan hoogerwerf,2300000,271400,779,318,2300000
912,Reese Witherspoon,1500000,147900,2300,878,1500000
913,LISBOA,1600000,262900,601,1100,1600000
914,Rowan,1100000,268100,1100,1200,1100000
915,Jake hunter,2000000,127800,2400,353,2000000
916,Huddy,2000000,147900,1800,529,2000000
917,Iker Lafuente ü´ß,1000000,162500,2900,1100,1000000
918,Niall MacMillan,1500000,123200,973,2700,1500000
919,üåΩ NH√É B√â B·∫ÆP üåΩ,2500000,267800,689,319,2500000
920,lightskinmexican0,746100,119800,824,6700,746100
921,Elecher Lee,1500000,138300,2700,632,1500000
922,The Summerhays Bros,1300000,188300,539,2200,1300000
923,Aminah,1000000,178200,2300,1400,1000000
924,Dude Perfect,2300000,327400,469,416,2300000
925,jo√£ozinho,1100000,203900,1100,1900,1100000
926,TONY STATOVCI,991700,224500,889,2100,991700
927,Julie Anne San Jose,2300000,274500,566,486,2300000
928,Zan Films,2700000,98700,1200,1300,2700000
929,melch.cooks,1600000,156400,2000,729,1600000
930,Iana McCalebb,907700,164400,1900,2500,907700
931,taetoowavy,873000,171300,1900,2400,873000
932,üíâÿ∑ÿ®Ÿäÿ® ÿßŸÑŸÇŸÑÿ®üíî,863000,34500,629,21300,863000
933,Chris Olsen,1800000,368000,559,424,1800000
934,Lance Stewart,2300000,218400,535,784,2300000
935,Amir,1400000,175900,1800,869,1400000
936,Eltourky üëë,1800000,200500,824,968,1800000
937,FionnTime,910200,210300,1400,2000,910200
938,Ng·ªçc Matcha üíö,1100000,150000,3300,617,1100000
939,Posterised,1500000,199700,715,1400,1500000
940,Texassbitty,1100000,126100,918,3700,1100000
941,Ethan Klein,970500,136600,3000,1900,970500
942,Emrata,2000000,186800,965,752,2000000
943,ÿßÿ®Ÿà ÿπÿ±ÿ® üõëüé¨,3000000,100200,941,1200,3000000
944,Anya Ischuk,1900000,219300,877,692,1900000
945,CALL ME LUCAS,917800,172600,1600,2400,917800
946,Thi·ªán Nh√¢n,2900000,216800,712,295,2900000
947,el chuacheneguer,1300000,49500,525,9300,1300000
948,Oneya D‚ÄôAmelio,1500000,257100,1300,376,1500000
949,The Real Life Guys,2300000,216100,639,626,2300000
950,Sabrina & Andrew,1300000,192100,598,1900,1300000
951,Gutierrez Castro,1100000,147900,894,3000,1100000
952,JoelBergs,1900000,317500,511,528,1900000
953,Ragnar Le Breton officiel,1500000,135400,400,2700,1500000
954,cowboyjess,1600000,315900,719,509,1600000
955,Busheado,3200000,209900,709,215,3200000
956,Ujang SGNüí∞,873200,85700,5400,2900,873200
957,Nathalia,2300000,242900,731,375,2300000
958,ŸÖŸáŸäŸÖŸÜ ÿπŸÑÿßÿ°,1200000,171200,1900,1200,1200000
959,Nick Smithyman üòé,1700000,208600,982,806,1700000
960,Noel Deyzelüáøüá¶,1400000,228200,1000,885,1400000
961,tamz,2200000,281600,370,623,2200000
962,BEH,2600000,233200,676,336,2600000
963,Belmir Rajaa,1400000,133800,1100,2300,1400000
964,DitaKerangüåä,2400000,211400,846,363,2400000
965,KINOSGINA,1600000,87500,2800,1800,1600000
966,Texas BUSHMAN,1200000,197000,611,2000,1200000
967,Notorious Foodie,1700000,177700,528,1500,1700000
968,ùë∫ùíÇùíÖùíîùíÇùíîùíîùíî ‚ù§Ô∏è‚Äçüî•,1000000,123100,672,4300,1000000
969,ü¶ãAƒêü¶ã,2300000,88600,2300,686,2300000
970,PapaVinceDavao,899600,116100,2800,3000,899600
971,Namy,1500000,229900,1200,654,1500000
972,BankrollDylüí∏,1100000,226900,1200,1200,1100000
973,News For You üåç,2400000,186000,991,357,2400000
974,psg,1700000,177600,1400,576,1700000
975,Eloisa Os,1600000,276900,716,637,1600000
976,FC Zenit,1900000,221500,1000,378,1900000
977,LauraLove,1500000,230200,1100,705,1500000
978,RB playing,1400000,100200,675,3600,1400000
979,Manchester United,1600000,188700,1500,519,1600000
980,„ÅÇ„Åø„Åãü¶Ñ‚ú®@„Éï„Ç©„Éº„Ç®„Ç§„Éà,1300000,96800,3200,1500,1300000
981,Chikn Nuggit,948500,146900,3200,1100,948500
982,Aidan Mirza,2500000,157800,991,512,2500000
983,Shehabeldin,1400000,141000,1600,1400,1400000
984,Nicolino,805200,163600,487,4000,805200
985,Michelson,2200000,231300,434,743,2200000
986,Melanyü•Ä,1600000,352500,909,137,1600000
987,Fortcraft354,1400000,156800,2600,70,1400000
988,DavidSpade,1100000,158600,1500,1800,1100000
989,Monika Kocio≈Çek,1100000,170400,2500,614,1100000
990,Yayis Renteria,1900000,133600,382,1900,1900000
991,Fabi Rommel,1000000,105800,573,4900,1000000
992,JUANITOüî•üö∂,2100000,191300,671,781,2100000
993,Brandon Conner,1500000,236500,1400,220,1500000
994,macy.blackwell,1100000,104400,382,4700,1100000
995,Cale Brown,834600,148200,1900,2800,834600
996,Brenda Dialoy,1200000,187500,626,2000,1200000
997,Juju Fitcats,2200000,280800,380,558,2200000
998,XO Team,2500000,180200,859,450,2500000
999,Ô∏èÔ∏è,957400,226800,908,1700,957400
1000,jass_mcg,503800,116000,8100,1800,503800
